"Datum+Uhrzeit";"Waermemengenzaehler Leistung (W)";"Waermemengenzaehler Vorlauftemperatur (C)";"Waermemengenzaehler Temperaturdifferenz (K)";"Waermemengenzaehler Stand (kWh)";"Waermemengenzaehler Ruecklauftemperatur (C)";"Waermemengenzaehler Durchfluss (m3/h)"
"30.07.2012 09:31:41";715.0;73;11.6;17605;61.4;0.054
"30.07.2012 09:32:41";715.0;73;11.6;0;61.4;0.054
"30.07.2012 09:33:41";726.0;73;11.7;17605;61.3;0.054
"30.07.2012 09:34:41";267.0;73;11.7;17605;61.3;0.020
"30.07.2012 09:35:41";267.0;73;11.7;0;61.3;0.020
"30.07.2012 09:36:41";267.0;73;11.5;17605;61.4;0.058
"30.07.2012 09:37:41";756.0;73;11.5;0;61.4;0.058
"30.07.2012 09:38:41";756.0;73;11.7;17605;61.3;0.054
"30.07.2012 09:39:41";212.0;73;11.6;17605;61.3;0.016
"30.07.2012 09:40:41";212.0;73;11.6;0;61.3;0.016
"30.07.2012 09:41:41";780.0;73;11.5;17605;61.4;0.059
"30.07.2012 09:42:41";780.0;73;11.5;0;61.4;0.059
"30.07.2012 09:43:41";687.0;73;11.4;17605;61.4;0.053
"30.07.2012 09:44:41";223.0;73;11.5;17605;61.4;0.017
"30.07.2012 09:45:41";223.0;73;11.5;0;61.4;0.017
"30.07.2012 09:46:41";737.0;73;11.4;17605;61.5;0.057
"30.07.2012 09:47:41";157.0;73;11.5;17605;61.1;0.012
"30.07.2012 09:48:41";157.0;73;11.5;0;61.1;0.012
"30.07.2012 09:49:41";275.0;73;11.4;17605;61.4;0.021
"30.07.2012 09:50:41";275.0;73;11.4;0;61.4;0.021
"30.07.2012 09:51:41";704.0;73;11.4;17605;61.4;0.054
"30.07.2012 09:52:41";285.0;73;11.4;17605;61.2;0.022
"30.07.2012 09:53:41";285.0;73;11.4;0;61.2;0.022
"30.07.2012 09:54:41";688.0;73;11.3;17605;61.3;0.053
"30.07.2012 09:55:41";688.0;73;11.3;0;61.3;0.053
"30.07.2012 09:56:41";689.0;73;11.4;17605;61.3;0.053
"30.07.2012 09:57:41";308.0;73;11.7;17605;61.4;0.023
"30.07.2012 09:58:41";308.0;73;11.7;0;61.4;0.023
"30.07.2012 09:59:41";746.0;74;12.1;17605;61.4;0.054
"30.07.2012 10:00:41";746.0;74;12.1;17605;61.4;0.054
"30.07.2012 10:01:41";331.0;74;12.5;0;61.1;0.023
"30.07.2012 10:02:41";745.0;74;12.7;17605;61.4;0.051
"30.07.2012 10:03:41";745.0;74;12.7;17605;61.4;0.051
"30.07.2012 10:04:41";787.0;74;13.1;17605;61.2;0.053
"30.07.2012 10:05:41";376.0;74;13.1;17605;61.4;0.025
"30.07.2012 10:06:41";376.0;74;13.1;17605;61.4;0.025
"30.07.2012 10:07:41";880.0;75;13.3;17605;61.4;0.058
"30.07.2012 10:08:41";880.0;75;13.3;17605;61.4;0.058
"30.07.2012 10:09:41";887.0;75;13.3;17605;61.5;0.058
"30.07.2012 10:10:41";15.0;75;13.5;17605;61.1;0.001
"30.07.2012 10:11:41";15.0;75;13.5;17605;61.1;0.001
"30.07.2012 10:12:41";0.0;75;13.6;17605;61.3;0.000
"30.07.2012 10:13:41";0.0;75;13.6;17605;61.3;0.000
"30.07.2012 10:14:41";0.0;75;13.6;17605;61.3;0.000
"30.07.2012 10:15:41";885.0;75;13.6;17605;61.1;0.057
"30.07.2012 10:16:41";885.0;75;13.6;17605;61.1;0.057
"30.07.2012 10:17:41";825.0;74;13.5;17605;60.9;0.053
"30.07.2012 10:18:41";825.0;74;13.5;17605;60.9;0.053
"30.07.2012 10:19:41";784.0;75;13.7;17605;61.0;0.050
"30.07.2012 10:20:41";887.0;75;13.9;17605;61.3;0.057
"30.07.2012 10:21:41";887.0;75;13.9;17605;61.3;0.057
"30.07.2012 10:22:41";885.0;75;13.6;17605;61.4;0.057
"30.07.2012 10:23:41";885.0;75;13.6;17605;61.4;0.057
"30.07.2012 10:24:41";915.0;75;13.4;17605;61.4;0.059
"30.07.2012 10:25:41";0.0;75;13.5;17605;61.2;0.000
"30.07.2012 10:26:41";0.0;75;13.5;17605;61.2;0.000
"30.07.2012 10:27:41";0.0;75;13.5;17605;61.2;0.000
"30.07.2012 10:28:41";889.0;74;13.3;17605;61.2;0.058
"30.07.2012 10:29:41";889.0;74;13.3;17605;61.2;0.058
"30.07.2012 10:30:41";834.0;74;13.2;17605;61.0;0.055
"30.07.2012 10:31:41";834.0;74;13.2;17605;61.0;0.055
"30.07.2012 10:32:41";828.0;74;13.5;17605;60.8;0.054
"30.07.2012 10:33:41";873.0;75;13.4;17605;61.4;0.058
"30.07.2012 10:34:41";873.0;75;13.4;17605;61.4;0.058
"30.07.2012 10:35:41";853.0;74;13.1;17605;61.4;0.057
"30.07.2012 10:36:41";853.0;74;13.1;17605;61.4;0.057
"30.07.2012 10:37:41";880.0;74;13.0;17605;61.4;0.059
"30.07.2012 10:38:41";30.0;74;13.2;17605;61.2;0.002
"30.07.2012 10:39:41";30.0;74;13.2;17605;61.2;0.002
"30.07.2012 10:40:41";59.0;74;13.0;17605;61.3;0.004
"30.07.2012 10:41:41";59.0;74;13.0;17605;61.3;0.004
"30.07.2012 10:42:41";75.0;74;13.0;17605;61.3;0.005
"30.07.2012 10:43:41";809.0;74;12.9;17605;61.0;0.055
"30.07.2012 10:44:41";809.0;74;12.9;17605;61.0;0.055
"30.07.2012 10:45:41";742.0;74;13.0;17605;61.0;0.050
"30.07.2012 10:46:41";794.0;74;12.9;17605;61.4;0.054
"30.07.2012 10:47:41";794.0;74;12.9;17605;61.4;0.054
"30.07.2012 10:48:41";769.0;74;12.7;17605;61.5;0.052
"30.07.2012 10:49:41";769.0;74;12.7;17605;61.5;0.052
"30.07.2012 10:50:41";812.0;74;12.8;17605;61.4;0.056
"30.07.2012 10:51:41";29.0;74;12.8;17605;61.4;0.002
"30.07.2012 10:52:41";29.0;74;12.8;17605;61.4;0.002
"30.07.2012 10:53:41";43.0;74;12.7;17605;61.3;0.003
"30.07.2012 10:54:41";43.0;74;12.7;17605;61.3;0.003
"30.07.2012 10:55:41";335.0;74;12.6;17605;61.4;0.023
"30.07.2012 10:56:41";787.0;74;12.7;17605;60.9;0.054
"30.07.2012 10:57:41";787.0;74;12.7;17605;60.9;0.054
"30.07.2012 10:58:41";43.0;74;12.5;17605;61.2;0.003
"30.07.2012 10:59:41";43.0;74;12.5;17605;61.2;0.003
"30.07.2012 11:00:41";43.0;74;12.6;17605;61.2;0.003
"30.07.2012 11:01:41";748.0;74;12.3;17605;61.4;0.053
"30.07.2012 11:02:41";748.0;74;12.3;17605;61.4;0.053
"30.07.2012 11:03:41";771.0;74;12.5;17605;61.2;0.055
"30.07.2012 11:04:41";771.0;74;12.5;17605;61.2;0.055
"30.07.2012 11:05:41";801.0;73;12.1;17605;60.9;0.057
"30.07.2012 11:06:41";378.0;74;12.2;17605;61.4;0.027
"30.07.2012 11:07:41";378.0;74;12.2;17605;61.4;0.027
"30.07.2012 11:08:41";769.0;74;12.1;17605;61.4;0.055
"30.07.2012 11:09:41";28.0;74;12.3;17605;61.2;0.002
"30.07.2012 11:10:41";28.0;74;12.3;17605;61.2;0.002
"30.07.2012 11:11:41";27.0;73;12.2;17605;61.2;0.002
"30.07.2012 11:12:41";27.0;73;12.2;17605;61.2;0.002
"30.07.2012 11:13:41";207.0;73;12.1;17606;61.3;0.015
"30.07.2012 11:14:41";749.0;73;12.1;17606;60.7;0.054
"30.07.2012 11:15:41";749.0;73;12.1;17606;60.7;0.054
"30.07.2012 11:16:41";27.0;73;12.0;17606;61.1;0.002
"30.07.2012 11:17:41";27.0;73;12.0;17606;61.1;0.002
"30.07.2012 11:18:41";13.0;73;11.9;17606;61.3;0.001
"30.07.2012 11:19:41";760.0;73;11.7;17606;61.2;0.056
"30.07.2012 11:20:41";760.0;73;11.7;17606;61.2;0.056
"30.07.2012 11:21:41";703.0;73;11.9;17606;60.8;0.052
"30.07.2012 11:22:41";703.0;73;11.9;17606;60.8;0.052
"30.07.2012 11:23:41";53.0;73;11.8;17606;61.2;0.004
"30.07.2012 11:24:41";766.0;73;11.4;17606;61.3;0.058
"30.07.2012 11:25:41";766.0;73;11.4;17606;61.3;0.058
"30.07.2012 11:26:41";770.0;73;11.3;17606;61.3;0.059
"30.07.2012 11:27:41";247.0;73;11.4;17606;61.4;0.019
"30.07.2012 11:28:41";247.0;73;11.4;17606;61.4;0.019
"30.07.2012 11:29:41";761.0;73;11.3;17606;61.4;0.059
"30.07.2012 11:30:41";761.0;73;11.3;17606;61.4;0.059
"30.07.2012 11:31:41";438.0;73;11.4;17606;61.2;0.034
"30.07.2012 11:32:41";424.0;72;11.2;17606;61.2;0.033
"30.07.2012 11:33:41";424.0;72;11.2;17606;61.2;0.033
"30.07.2012 11:34:41";431.0;72;11.0;17606;61.3;0.034
"30.07.2012 11:35:41";431.0;72;11.0;17606;61.3;0.034
"30.07.2012 11:36:41";415.0;72;10.9;17606;61.2;0.033
"30.07.2012 11:37:41";373.0;72;10.8;17606;61.3;0.030
"30.07.2012 11:38:41";373.0;72;10.8;17606;61.3;0.030
"30.07.2012 11:39:41";397.0;72;10.8;17606;61.2;0.032
"30.07.2012 11:40:41";397.0;72;10.8;17606;61.2;0.032
"30.07.2012 11:41:41";432.0;72;10.9;17606;61.1;0.035
"30.07.2012 11:42:41";412.0;72;10.8;17606;61.1;0.034
"30.07.2012 11:43:41";412.0;72;10.8;17606;61.1;0.034
"30.07.2012 11:44:41";422.0;72;10.6;17606;61.2;0.035
"30.07.2012 11:45:41";422.0;72;10.6;17606;61.2;0.035
"30.07.2012 11:46:41";400.0;72;10.6;17606;61.1;0.033
"30.07.2012 11:47:41";433.0;72;10.6;17606;61.1;0.036
"30.07.2012 11:48:41";433.0;72;10.6;17606;61.1;0.036
"30.07.2012 11:49:41";381.0;72;10.4;17606;61.1;0.032
"30.07.2012 11:50:41";404.0;72;10.4;17606;61.1;0.034
"30.07.2012 11:51:41";404.0;72;10.4;17606;61.1;0.034
"30.07.2012 11:52:41";393.0;71;10.4;17606;61.0;0.033
"30.07.2012 11:53:41";393.0;71;10.4;17606;61.0;0.033
"30.07.2012 11:54:41";664.0;72;10.4;17606;61.1;0.056
"30.07.2012 11:55:41";83.0;72;10.5;17606;61.0;0.007
"30.07.2012 11:56:41";83.0;72;10.5;17606;61.0;0.007
"30.07.2012 11:57:41";659.0;72;10.4;17606;61.1;0.056
"30.07.2012 11:58:41";659.0;72;10.4;17606;61.1;0.056
"30.07.2012 11:59:41";417.0;71;10.4;17606;60.9;0.035
"30.07.2012 12:00:41";420.0;71;10.2;17606;61.0;0.036
"30.07.2012 12:01:41";420.0;71;10.2;17606;61.0;0.036
"30.07.2012 12:02:41";378.0;71;10.1;17606;61.0;0.033
"30.07.2012 12:03:41";378.0;71;10.1;17606;61.0;0.033
"30.07.2012 12:04:41";394.0;71;10.0;17606;61.0;0.035
"30.07.2012 12:05:41";363.0;71;9.9;17606;61.0;0.032
"30.07.2012 12:06:41";363.0;71;9.9;17606;61.0;0.032
"30.07.2012 12:07:41";663.0;71;9.9;17606;61.2;0.058
"30.07.2012 12:08:41";416.0;71;10.1;17606;61.0;0.036
"30.07.2012 12:09:41";416.0;71;10.1;17606;61.0;0.036
"30.07.2012 12:10:41";382.0;71;10.1;17606;60.9;0.034
"30.07.2012 12:11:41";382.0;71;10.1;17606;60.9;0.034
"30.07.2012 12:12:41";410.0;71;10.1;17606;61.1;0.036
"30.07.2012 12:13:41";645.0;71;10.1;17606;60.6;0.056
"30.07.2012 12:14:41";645.0;71;10.1;17606;60.6;0.056
"30.07.2012 12:15:41";654.0;71;9.9;17606;61.1;0.057
"30.07.2012 12:16:41";654.0;71;9.9;17606;61.1;0.057
"30.07.2012 12:17:41";381.0;71;9.9;17606;60.9;0.034
"30.07.2012 12:18:41";390.0;71;9.8;17606;60.9;0.035
"30.07.2012 12:19:41";390.0;71;9.8;17606;60.9;0.035
"30.07.2012 12:20:41";414.0;71;9.7;17606;61.0;0.038
"30.07.2012 12:21:41";414.0;71;9.7;17606;61.0;0.038
"30.07.2012 12:22:41";378.0;71;9.7;17606;61.2;0.034
"30.07.2012 12:23:41";615.0;70;9.9;17606;60.6;0.055
"30.07.2012 12:24:41";615.0;70;9.9;17606;60.6;0.055
"30.07.2012 12:25:41";623.0;71;9.7;17606;61.1;0.056
"30.07.2012 12:26:41";623.0;71;9.7;17606;61.1;0.056
"30.07.2012 12:27:41";394.0;71;9.5;17606;61.1;0.036
"30.07.2012 12:28:41";388.0;71;9.6;17606;61.0;0.036
"30.07.2012 12:29:41";388.0;71;9.6;17606;61.0;0.036
"30.07.2012 12:30:41";617.0;71;9.3;17606;61.3;0.058
"30.07.2012 12:31:41";561.0;71;9.4;17606;61.3;0.052
"30.07.2012 12:32:41";561.0;71;9.4;17606;61.3;0.052
"30.07.2012 12:33:41";383.0;70;9.3;17606;61.1;0.036
"30.07.2012 12:34:41";383.0;70;9.3;17606;61.1;0.036
"30.07.2012 12:35:41";570.0;70;9.1;17606;61.3;0.055
"30.07.2012 12:36:41";594.0;70;9.3;17606;61.2;0.056
"30.07.2012 12:37:41";594.0;70;9.3;17606;61.2;0.056
"30.07.2012 12:38:41";378.0;70;9.2;17606;61.0;0.036
"30.07.2012 12:39:41";378.0;70;9.2;17606;61.0;0.036
"30.07.2012 12:40:41";568.0;70;9.0;17606;61.2;0.055
"30.07.2012 12:41:41";582.0;70;9.1;17606;61.3;0.056
"30.07.2012 12:42:41";582.0;70;9.1;17606;61.3;0.056
"30.07.2012 12:43:41";359.0;70;9.1;17606;61.1;0.035
"30.07.2012 12:44:41";359.0;70;9.1;17606;61.1;0.035
"30.07.2012 12:45:41";567.0;70;8.7;17606;61.2;0.057
"30.07.2012 12:46:41";573.0;70;8.7;17606;61.3;0.057
"30.07.2012 12:47:41";573.0;70;8.7;17606;61.3;0.057
"30.07.2012 12:48:41";565.0;70;8.7;17606;61.3;0.057
"30.07.2012 12:49:41";352.0;70;8.5;17606;61.4;0.036
"30.07.2012 12:50:41";352.0;70;8.5;17606;61.4;0.036
"30.07.2012 12:51:41";536.0;70;8.5;17606;61.2;0.055
"30.07.2012 12:52:41";536.0;70;8.5;17606;61.2;0.055
"30.07.2012 12:53:41";533.0;70;8.4;17606;61.4;0.055
"30.07.2012 12:54:41";556.0;70;8.3;17606;61.4;0.058
"30.07.2012 12:55:41";556.0;70;8.3;17606;61.4;0.058
"30.07.2012 12:56:41";321.0;70;8.3;17606;61.4;0.034
"30.07.2012 12:57:41";321.0;70;8.3;17606;61.4;0.034
"30.07.2012 12:58:41";526.0;69;8.1;17606;61.3;0.056
"30.07.2012 12:59:41";511.0;70;8.1;17606;61.4;0.056
"30.07.2012 13:00:41";511.0;70;8.1;17606;61.4;0.056
"30.07.2012 13:01:41";512.0;70;8.0;17606;61.5;0.056
"30.07.2012 13:02:41";512.0;70;8.0;17606;61.5;0.056
"30.07.2012 13:03:41";522.0;69;8.0;17606;61.4;0.058
"30.07.2012 13:04:41";508.0;69;7.9;17606;61.4;0.056
"30.07.2012 13:05:41";508.0;69;7.9;17606;61.4;0.056
"30.07.2012 13:06:41";519.0;69;7.7;17606;61.5;0.058
"30.07.2012 13:07:41";519.0;69;7.7;17606;61.5;0.058
"30.07.2012 13:08:41";510.0;69;7.7;17606;61.5;0.058
"30.07.2012 13:09:41";500.0;69;7.7;17606;61.5;0.057
"30.07.2012 13:10:41";500.0;69;7.7;17606;61.5;0.057
"30.07.2012 13:11:41";506.0;69;7.6;17606;61.5;0.058
"30.07.2012 13:12:41";474.0;69;7.5;17606;61.6;0.055
"30.07.2012 13:13:41";474.0;69;7.5;17606;61.6;0.055
"30.07.2012 13:14:41";489.0;69;7.4;17606;61.6;0.058
"30.07.2012 13:15:41";489.0;69;7.4;17606;61.6;0.058
"30.07.2012 13:16:41";473.0;69;7.3;17606;61.6;0.056
"30.07.2012 13:17:41";462.0;69;7.4;17606;61.6;0.055
"30.07.2012 13:18:41";462.0;69;7.4;17606;61.6;0.055
"30.07.2012 13:19:41";474.0;69;7.4;17606;61.6;0.057
"30.07.2012 13:20:41";474.0;69;7.4;17606;61.6;0.057
"30.07.2012 13:21:41";477.0;69;7.3;17606;61.6;0.058
"30.07.2012 13:22:41";477.0;69;7.2;17606;61.7;0.058
"30.07.2012 13:23:41";477.0;69;7.2;17606;61.7;0.058
"30.07.2012 13:24:41";454.0;69;7.1;17607;61.7;0.056
"30.07.2012 13:25:41";454.0;69;7.1;0;61.7;0.056
"30.07.2012 13:26:41";453.0;69;7.0;17607;61.7;0.057
"30.07.2012 13:27:41";436.0;69;7.0;17607;61.7;0.054
"30.07.2012 13:28:41";436.0;69;7.0;0;61.7;0.054
"30.07.2012 13:29:41";443.0;69;6.9;17607;61.8;0.056
"30.07.2012 13:30:41";450.0;69;6.8;17607;61.8;0.057
"30.07.2012 13:31:41";450.0;69;6.8;0;61.8;0.057
"30.07.2012 13:32:41";438.0;69;6.9;17607;61.8;0.056
"30.07.2012 13:33:41";438.0;69;6.9;0;61.8;0.056
"30.07.2012 13:34:41";426.0;68;6.8;17607;61.7;0.055
"30.07.2012 13:35:41";434.0;68;6.8;17607;61.7;0.056
"30.07.2012 13:36:41";434.0;68;6.8;0;61.7;0.056
"30.07.2012 13:37:41";445.0;68;6.7;17607;61.7;0.057
"30.07.2012 13:38:41";445.0;68;6.7;0;61.7;0.057
"30.07.2012 13:39:41";419.0;68;6.6;17607;61.7;0.055
"30.07.2012 13:40:41";421.0;68;6.6;17607;61.7;0.055
"30.07.2012 13:41:41";421.0;68;6.6;0;61.7;0.055
"30.07.2012 13:42:41";431.0;68;6.6;17607;61.7;0.058
"30.07.2012 13:43:41";431.0;68;6.6;0;61.7;0.058
"30.07.2012 13:44:41";425.0;68;6.4;17607;61.7;0.057
"30.07.2012 13:45:41";433.0;68;6.6;17607;61.7;0.058
"30.07.2012 13:46:41";433.0;68;6.6;0;61.7;0.058
"30.07.2012 13:47:41";414.0;68;6.4;17607;61.7;0.056
"30.07.2012 13:48:41";414.0;68;6.4;0;61.7;0.056
"30.07.2012 13:49:41";414.0;68;6.3;17607;61.8;0.057
"30.07.2012 13:50:41";413.0;68;6.4;17607;61.6;0.056
"30.07.2012 13:51:41";413.0;68;6.4;0;61.6;0.056
"30.07.2012 13:52:41";400.0;68;6.3;17607;61.7;0.055
"30.07.2012 13:53:41";396.0;68;6.3;17607;61.6;0.055
"30.07.2012 13:54:41";396.0;68;6.3;0;61.6;0.055
"30.07.2012 13:55:41";389.0;68;6.3;17607;61.6;0.054
"30.07.2012 13:56:41";389.0;68;6.3;0;61.6;0.054
"30.07.2012 13:57:41";414.0;68;6.2;17607;61.6;0.057
"30.07.2012 13:58:41";384.0;68;6.2;17607;61.6;0.054
"30.07.2012 13:59:41";384.0;68;6.2;0;61.6;0.054
"30.07.2012 14:00:41";401.0;68;6.2;17607;61.6;0.057
"30.07.2012 14:01:41";401.0;68;6.2;0;61.6;0.057
"30.07.2012 14:02:41";408.0;68;6.3;17607;61.5;0.058
"30.07.2012 14:03:41";388.0;68;6.1;17607;61.5;0.055
"30.07.2012 14:04:41";388.0;68;6.1;0;61.5;0.055
"30.07.2012 14:05:41";394.0;68;6.1;17607;61.5;0.056
"30.07.2012 14:06:41";394.0;68;6.1;0;61.5;0.056
"30.07.2012 14:07:41";392.0;68;6.1;17607;61.5;0.057
"30.07.2012 14:08:41";381.0;68;6.1;17607;61.5;0.055
"30.07.2012 14:09:41";381.0;68;6.1;0;61.4;0.055
"30.07.2012 14:10:41";385.0;68;6.1;17607;61.4;0.056
"30.07.2012 14:11:41";384.0;68;6.1;17607;61.5;0.056
"30.07.2012 14:12:41";384.0;68;6.2;0;61.4;0.055
"30.07.2012 14:13:41";380.0;68;6.2;17607;61.4;0.055
"30.07.2012 14:14:41";380.0;68;6.1;0;61.4;0.055
"30.07.2012 14:15:41";386.0;68;6.1;17607;61.4;0.055
"30.07.2012 14:16:41";375.0;68;6.1;17607;61.4;0.055
"30.07.2012 14:17:41";375.0;68;6.0;0;61.5;0.055
"30.07.2012 14:18:41";404.0;68;6.0;17607;61.5;0.055
"30.07.2012 14:19:41";404.0;68;6.2;0;61.3;0.058
"30.07.2012 14:20:41";404.0;68;6.2;17607;61.3;0.058
"30.07.2012 14:21:41";397.0;67;6.0;17607;61.3;0.058
"30.07.2012 14:22:41";394.0;67;6.0;0;61.4;0.057
"30.07.2012 14:23:41";394.0;67;6.0;17607;61.4;0.057
"30.07.2012 14:24:41";386.0;67;6.1;0;61.3;0.055
"30.07.2012 14:25:41";386.0;67;6.1;17607;61.3;0.055
"30.07.2012 14:26:41";404.0;67;6.0;17607;61.3;0.058
"30.07.2012 14:27:41";401.0;67;6.2;0;61.2;0.058
"30.07.2012 14:28:41";401.0;67;6.2;17607;61.2;0.058
"30.07.2012 14:29:41";426.0;67;6.1;0;61.3;0.061
"30.07.2012 14:30:41";426.0;67;6.1;17607;61.3;0.061
"30.07.2012 14:31:41";392.0;67;6.1;17607;61.2;0.056
"30.07.2012 14:32:41";392.0;67;6.1;0;61.2;0.057
"30.07.2012 14:33:41";392.0;67;6.0;17607;61.3;0.057
"30.07.2012 14:34:41";404.0;67;6.1;17607;61.2;0.058
"30.07.2012 14:35:41";409.0;67;6.1;0;61.2;0.058
"30.07.2012 14:36:41";409.0;67;6.0;17607;61.3;0.059
"30.07.2012 14:37:41";413.0;67;6.0;0;61.3;0.059
"30.07.2012 14:38:41";413.0;67;6.1;17607;61.1;0.057
"30.07.2012 14:39:41";390.0;67;6.0;17607;61.2;0.058
"30.07.2012 14:40:41";407.0;67;6.0;0;61.2;0.058
"30.07.2012 14:41:41";407.0;67;6.0;17607;61.2;0.056
"30.07.2012 14:42:41";380.0;67;6.0;0;61.2;0.056
"30.07.2012 14:43:41";380.0;67;6.1;17607;61.1;0.057
"30.07.2012 14:44:41";391.0;67;6.0;17607;61.1;0.056
"30.07.2012 14:45:41";388.0;67;6.0;17607;61.1;0.056
"30.07.2012 14:46:41";391.0;67;6.0;0;61.1;0.056
"30.07.2012 14:47:41";391.0;67;6.0;17607;61.1;0.056
"30.07.2012 14:48:41";391.0;67;6.2;0;61.0;0.056
"30.07.2012 14:49:41";385.0;67;6.0;17607;61.0;0.056
"30.07.2012 14:50:41";385.0;67;6.0;17607;61.0;0.056
"30.07.2012 14:51:41";405.0;67;6.0;0;61.1;0.058
"30.07.2012 14:52:41";407.0;67;6.0;17607;61.0;0.059
"30.07.2012 14:53:41";407.0;67;6.0;17607;61.0;0.059
"30.07.2012 14:54:41";390.0;67;6.0;0;61.0;0.057
"30.07.2012 14:55:41";390.0;67;6.0;17607;61.0;0.057
"30.07.2012 14:56:41";383.0;67;6.0;0;61.0;0.057
"30.07.2012 14:57:41";393.0;67;5.8;17607;61.1;0.058
"30.07.2012 14:58:41";393.0;67;5.8;17607;61.1;0.058
"30.07.2012 14:59:41";405.0;67;6.0;0;61.0;0.059
"30.07.2012 15:00:41";405.0;67;6.0;17607;61.0;0.059
"30.07.2012 15:01:41";394.0;67;5.9;0;60.9;0.058
"30.07.2012 15:02:41";388.0;67;5.8;17607;61.0;0.058
"30.07.2012 15:03:41";388.0;67;5.8;17607;61.0;0.058
"30.07.2012 15:04:41";407.0;67;5.9;0;60.9;0.061
"30.07.2012 15:05:41";407.0;67;5.9;17607;60.9;0.061
"30.07.2012 15:06:41";393.0;67;5.9;0;60.9;0.058
"30.07.2012 15:07:41";413.0;67;5.8;17607;60.9;0.061
"30.07.2012 15:08:41";413.0;67;5.8;17607;60.9;0.061
"30.07.2012 15:09:41";412.0;67;5.8;0;60.9;0.062
"30.07.2012 15:10:41";412.0;67;5.8;17607;60.9;0.062
"30.07.2012 15:11:41";406.0;67;5.7;17607;60.9;0.060
"30.07.2012 15:12:41";418.0;67;5.9;17607;60.9;0.063
"30.07.2012 15:13:41";418.0;67;5.9;17607;60.9;0.063
"30.07.2012 15:14:41";444.0;67;6.2;17607;60.9;0.063
"30.07.2012 15:15:41";464.0;67;6.5;17607;60.8;0.063
"30.07.2012 15:16:41";464.0;67;6.5;17607;60.8;0.063
"30.07.2012 15:17:41";520.0;68;7.3;17607;60.9;0.062
"30.07.2012 15:18:41";520.0;68;7.3;17607;60.9;0.062
"30.07.2012 15:19:41";594.0;69;8.4;17607;60.8;0.063
"30.07.2012 15:20:41";630.0;70;8.6;17607;60.9;0.063
"30.07.2012 15:21:41";630.0;70;8.6;17607;60.9;0.063
"30.07.2012 15:22:41";653.0;71;9.7;17607;60.9;0.059
"30.07.2012 15:23:41";653.0;71;9.7;17607;60.9;0.059
"30.07.2012 15:24:41";727.0;72;10.9;17607;60.9;0.058
"30.07.2012 15:25:41";708.0;73;11.6;17607;61.0;0.053
"30.07.2012 15:26:41";708.0;73;11.6;17607;61.0;0.053
"30.07.2012 15:27:41";498.0;73;12.1;17607;60.9;0.036
"30.07.2012 15:28:41";498.0;73;12.1;17607;60.9;0.036
"30.07.2012 15:29:41";525.0;73;11.9;17607;61.1;0.038
"30.07.2012 15:30:41";482.0;73;12.1;17607;61.1;0.035
"30.07.2012 15:31:41";482.0;73;12.1;17607;61.1;0.035
"30.07.2012 15:32:41";481.0;74;12.3;17607;61.2;0.034
"30.07.2012 15:33:41";512.0;74;12.4;17607;61.2;0.036
"30.07.2012 15:34:41";512.0;74;12.4;17607;61.2;0.036
"30.07.2012 15:35:41";500.0;74;12.4;17607;61.3;0.035
"30.07.2012 15:36:41";500.0;74;12.4;17607;61.3;0.035
"30.07.2012 15:37:41";506.0;74;12.7;17607;61.2;0.035
"30.07.2012 15:38:41";518.0;74;12.7;17607;61.2;0.036
"30.07.2012 15:39:41";518.0;74;12.7;17607;61.2;0.036
"30.07.2012 15:40:41";116.0;74;12.7;17607;61.2;0.008
"30.07.2012 15:41:41";116.0;74;12.7;17607;61.2;0.008
"30.07.2012 15:42:41";130.0;74;12.5;17608;61.4;0.009
"30.07.2012 15:43:41";129.0;74;12.8;17608;60.8;0.009
"30.07.2012 15:44:41";129.0;74;12.8;17608;60.8;0.009
"30.07.2012 15:45:41";130.0;74;12.6;17608;61.1;0.009
"30.07.2012 15:46:41";130.0;74;12.6;17608;61.1;0.009
"30.07.2012 15:47:41";0.0;74;12.6;17608;61.3;0.000
"30.07.2012 15:48:41";828.0;74;12.7;17608;61.2;0.057
"30.07.2012 15:49:41";828.0;74;12.7;17608;61.2;0.057
"30.07.2012 15:50:41";818.0;74;12.7;17608;60.9;0.056
"30.07.2012 15:51:41";818.0;74;12.7;17608;60.9;0.056
"30.07.2012 15:52:41";766.0;74;13.0;17608;60.8;0.051
"30.07.2012 15:53:41";437.0;74;13.0;17608;61.4;0.029
"30.07.2012 15:54:41";437.0;74;13.0;17608;61.4;0.029
"30.07.2012 15:55:41";842.0;74;13.2;17608;61.2;0.056
"30.07.2012 15:56:41";0.0;74;13.2;17608;61.1;0.000
"30.07.2012 15:57:41";0.0;74;13.2;17608;61.1;0.000
"30.07.2012 15:58:41";0.0;74;13.4;17608;61.0;0.000
"30.07.2012 15:59:41";0.0;74;13.4;17608;61.0;0.000
"30.07.2012 16:00:41";0.0;75;13.5;17608;61.1;0.000
"30.07.2012 16:01:41";824.0;74;13.3;17608;60.9;0.054
"30.07.2012 16:02:41";824.0;74;13.3;17608;60.9;0.054
"30.07.2012 16:03:41";753.0;74;13.5;17608;60.6;0.049
"30.07.2012 16:04:41";753.0;74;13.5;17608;60.6;0.049
"30.07.2012 16:05:41";0.0;74;13.6;17608;60.9;0.000
"30.07.2012 16:06:41";888.0;75;13.6;17608;61.2;0.057
"30.07.2012 16:07:41";888.0;75;13.6;17608;61.2;0.057
"30.07.2012 16:08:41";733.0;75;13.5;17608;61.2;0.047
"30.07.2012 16:09:41";733.0;75;13.5;17608;61.2;0.047
"30.07.2012 16:10:41";882.0;75;13.5;17608;61.1;0.057
"30.07.2012 16:11:41";0.0;75;13.7;17608;61.1;0.000
"30.07.2012 16:12:41";0.0;75;13.7;17608;61.1;0.000
"30.07.2012 16:13:41";15.0;75;13.8;17608;61.1;0.001
"30.07.2012 16:14:41";765.0;74;13.8;17608;60.7;0.049
"30.07.2012 16:15:41";765.0;74;13.8;17608;60.7;0.049
"30.07.2012 16:16:41";750.0;74;13.6;17608;60.6;0.048
"30.07.2012 16:17:41";750.0;74;13.6;17608;60.6;0.048
"30.07.2012 16:18:41";0.0;75;13.8;17608;60.9;0.000
"30.07.2012 16:19:41";749.0;75;13.8;17608;61.0;0.048
"30.07.2012 16:20:41";749.0;75;13.8;17608;61.0;0.048
"30.07.2012 16:21:41";914.0;75;13.7;17608;61.1;0.058
"30.07.2012 16:22:41";914.0;75;13.7;17608;61.1;0.058
"30.07.2012 16:23:41";877.0;75;13.7;17608;61.1;0.056
"30.07.2012 16:24:41";0.0;75;13.8;17608;60.9;0.000
"30.07.2012 16:25:41";0.0;75;13.8;17608;60.9;0.000
"30.07.2012 16:26:41";0.0;75;13.8;17608;61.0;0.000
"30.07.2012 16:27:41";0.0;75;13.8;17608;61.0;0.000
"30.07.2012 16:28:41";0.0;75;13.9;17608;61.0;0.000
"30.07.2012 16:29:41";824.0;75;13.8;17608;60.8;0.052
"30.07.2012 16:30:41";824.0;75;13.8;17608;60.8;0.052
"30.07.2012 16:31:41";816.0;74;13.7;17608;60.7;0.052
"30.07.2012 16:32:41";816.0;74;13.7;17608;60.7;0.052
"30.07.2012 16:33:41";780.0;74;13.8;17608;60.5;0.049
"30.07.2012 16:34:41";331.0;75;13.8;17608;61.1;0.021
"30.07.2012 16:35:41";331.0;75;13.8;17608;61.1;0.021
"30.07.2012 16:36:41";783.0;75;13.8;17608;61.0;0.050
"30.07.2012 16:37:41";0.0;75;13.7;17608;60.9;0.000
"30.07.2012 16:38:41";0.0;75;13.7;17608;60.9;0.000
"30.07.2012 16:39:41";0.0;75;13.9;17608;60.8;0.000
"30.07.2012 16:40:41";0.0;75;13.9;17608;60.8;0.000
"30.07.2012 16:41:41";0.0;74;13.7;17608;60.8;0.000
"30.07.2012 16:42:41";908.0;75;13.6;17608;61.0;0.058
"30.07.2012 16:43:41";908.0;75;13.6;17608;61.0;0.058
"30.07.2012 16:44:41";826.0;74;13.6;17608;60.9;0.053
"30.07.2012 16:45:41";826.0;74;13.6;17608;60.9;0.053
"30.07.2012 16:46:41";760.0;74;13.5;17608;60.8;0.049
"30.07.2012 16:47:41";173.0;75;13.8;17608;61.0;0.011
"30.07.2012 16:48:41";173.0;75;13.8;17608;61.0;0.011
"30.07.2012 16:49:41";156.0;75;13.7;17608;61.1;0.010
"30.07.2012 16:50:41";156.0;75;13.7;17608;61.1;0.010
"30.07.2012 16:51:41";593.0;75;13.7;17608;61.0;0.038
"30.07.2012 16:52:41";0.0;74;13.7;17608;60.8;0.000
"30.07.2012 16:53:41";0.0;74;13.7;17608;60.8;0.000
"30.07.2012 16:54:41";15.0;74;13.6;17608;60.8;0.001
"30.07.2012 16:55:41";804.0;74;13.4;17608;61.1;0.052
"30.07.2012 16:56:41";804.0;74;13.4;17608;61.1;0.052
"30.07.2012 16:57:41";834.0;74;13.4;17608;61.1;0.054
"30.07.2012 16:58:41";834.0;74;13.4;17608;61.1;0.054
"30.07.2012 16:59:41";818.0;74;13.4;17608;61.0;0.053
"30.07.2012 17:00:41";30.0;74;13.6;17608;60.9;0.002
"30.07.2012 17:01:41";30.0;74;13.6;17608;60.9;0.002
"30.07.2012 17:02:41";30.0;74;13.5;17608;61.0;0.002
"30.07.2012 17:03:41";30.0;74;13.5;17608;61.0;0.002
"30.07.2012 17:04:41";30.0;74;13.5;17608;61.0;0.002
"30.07.2012 17:05:41";810.0;74;13.3;17608;60.7;0.053
"30.07.2012 17:06:41";810.0;74;13.3;17608;60.7;0.053
"30.07.2012 17:07:41";845.0;74;13.3;17608;60.6;0.055
"30.07.2012 17:08:41";845.0;74;13.3;17608;60.6;0.055
"30.07.2012 17:09:41";568.0;74;13.2;17608;60.8;0.037
"30.07.2012 17:10:41";800.0;74;13.3;17608;61.1;0.052
"30.07.2012 17:11:41";800.0;74;13.3;17608;61.1;0.052
"30.07.2012 17:12:41";773.0;74;13.3;17608;61.1;0.051
"30.07.2012 17:13:41";773.0;74;13.3;17608;61.1;0.051
"30.07.2012 17:14:41";815.0;74;13.3;17608;61.0;0.054
"30.07.2012 17:15:41";0.0;74;13.3;17608;60.9;0.000
"30.07.2012 17:16:41";0.0;74;13.3;17608;60.9;0.000
"30.07.2012 17:17:41";0.0;74;13.3;17608;60.9;0.000
"30.07.2012 17:18:41";769.0;74;13.2;17608;60.8;0.051
"30.07.2012 17:19:41";769.0;74;13.2;17608;60.8;0.051
"30.07.2012 17:20:41";750.0;74;13.1;17608;60.7;0.050
"30.07.2012 17:21:41";750.0;74;13.1;17608;60.7;0.050
"30.07.2012 17:22:41";801.0;74;13.2;17608;60.5;0.053
"30.07.2012 17:23:41";166.0;74;13.2;17608;61.1;0.011
"30.07.2012 17:24:41";166.0;74;13.2;17608;61.1;0.011
"30.07.2012 17:25:41";726.0;74;13.1;17608;61.1;0.048
"30.07.2012 17:26:41";726.0;74;13.1;17608;61.1;0.048
"30.07.2012 17:27:41";690.0;74;13.2;17608;61.0;0.046
"30.07.2012 17:28:41";164.0;74;13.3;17608;60.7;0.011
"30.07.2012 17:29:41";164.0;74;13.3;17608;60.7;0.011
"30.07.2012 17:30:41";136.0;74;13.2;17608;60.7;0.009
"30.07.2012 17:31:41";136.0;74;13.2;17608;60.7;0.009
"30.07.2012 17:32:41";0.0;74;13.2;17608;61.0;0.000
"30.07.2012 17:33:41";776.0;74;13.1;17608;60.7;0.052
"30.07.2012 17:34:41";776.0;74;13.1;17608;60.7;0.052
"30.07.2012 17:35:41";736.0;74;13.2;17608;60.4;0.049
"30.07.2012 17:36:41";735.0;74;13.1;17608;61.1;0.049
"30.07.2012 17:37:41";735.0;74;13.1;17608;61.1;0.049
"30.07.2012 17:38:41";749.0;74;13.0;17608;61.1;0.050
"30.07.2012 17:39:41";749.0;74;13.0;17608;61.1;0.050
"30.07.2012 17:40:41";865.0;74;13.0;17608;61.2;0.058
"30.07.2012 17:41:41";0.0;74;13.0;17608;60.9;0.000
"30.07.2012 17:42:41";0.0;74;13.0;17608;60.9;0.000
"30.07.2012 17:43:41";0.0;74;13.1;17608;60.9;0.000
"30.07.2012 17:44:41";0.0;74;13.1;17608;60.9;0.000
"30.07.2012 17:45:41";0.0;74;13.2;17608;60.9;0.000
"30.07.2012 17:46:41";838.0;74;13.1;17608;60.8;0.056
"30.07.2012 17:47:41";838.0;74;13.1;17608;60.8;0.056
"30.07.2012 17:48:41";762.0;74;13.0;17608;60.6;0.051
"30.07.2012 17:49:41";762.0;74;13.0;17608;60.6;0.051
"30.07.2012 17:50:41";778.0;74;13.0;17608;60.5;0.052
"30.07.2012 17:51:41";344.0;74;13.1;17608;61.0;0.023
"30.07.2012 17:52:41";344.0;74;13.1;17608;61.0;0.023
"30.07.2012 17:53:41";826.0;74;13.1;17608;61.1;0.056
"30.07.2012 17:54:41";826.0;74;13.1;17608;61.1;0.056
"30.07.2012 17:55:41";776.0;74;13.1;17608;61.0;0.052
"30.07.2012 17:56:41";0.0;74;13.0;17608;60.8;0.000
"30.07.2012 17:57:41";0.0;74;13.0;17608;60.8;0.000
"30.07.2012 17:58:41";0.0;74;13.1;17608;60.9;0.000
"30.07.2012 17:59:41";799.0;74;13.0;17608;60.8;0.054
"30.07.2012 18:00:41";799.0;74;13.0;17608;60.8;0.054
"30.07.2012 18:01:41";758.0;74;13.0;17608;60.5;0.051
"30.07.2012 18:02:41";758.0;74;13.0;17608;60.5;0.051
"30.07.2012 18:03:41";298.0;74;13.1;17608;60.6;0.020
"30.07.2012 18:04:41";869.0;74;12.9;17608;61.1;0.059
"30.07.2012 18:05:41";869.0;74;12.9;17608;61.1;0.059
"30.07.2012 18:06:41";861.0;74;13.0;17609;61.0;0.058
"30.07.2012 18:07:41";861.0;74;13.0;17609;61.0;0.058
"30.07.2012 18:08:41";843.0;74;12.9;17609;61.0;0.057
"30.07.2012 18:09:41";0.0;74;13.0;17609;60.8;0.000
"30.07.2012 18:10:41";0.0;74;13.0;17609;60.8;0.000
"30.07.2012 18:11:41";14.0;74;12.9;17609;60.9;0.001
"30.07.2012 18:12:41";14.0;74;12.9;17609;60.9;0.001
"30.07.2012 18:13:41";0.0;74;13.0;17609;60.9;0.000
"30.07.2012 18:14:41";747.0;73;12.7;17609;60.7;0.051
"30.07.2012 18:15:41";747.0;73;12.7;17609;60.7;0.051
"30.07.2012 18:16:41";769.0;73;12.9;17609;60.5;0.052
"30.07.2012 18:17:41";473.0;74;12.9;17609;61.0;0.032
"30.07.2012 18:18:41";473.0;74;12.9;17609;61.0;0.032
"30.07.2012 18:19:41";761.0;74;12.9;17609;61.0;0.052
"30.07.2012 18:20:41";761.0;74;12.9;17609;61.0;0.052
"30.07.2012 18:21:41";837.0;74;12.7;17609;61.0;0.057
"30.07.2012 18:22:41";14.0;74;12.9;17609;60.9;0.001
"30.07.2012 18:23:41";14.0;74;12.9;17609;60.9;0.001
"30.07.2012 18:24:41";0.0;74;12.9;17609;60.9;0.000
"30.07.2012 18:25:41";0.0;74;12.9;17609;60.9;0.000
"30.07.2012 18:26:41";0.0;74;12.8;17609;61.0;0.000
"30.07.2012 18:27:41";774.0;73;12.6;17609;60.7;0.053
"30.07.2012 18:28:41";774.0;73;12.6;17609;60.7;0.053
"30.07.2012 18:29:41";798.0;74;12.9;17609;60.6;0.054
"30.07.2012 18:30:41";798.0;74;12.9;0;60.6;0.054
"30.07.2012 18:31:41";365.0;74;12.7;17609;60.8;0.025
"30.07.2012 18:32:41";753.0;74;12.7;17609;61.1;0.052
"30.07.2012 18:33:41";753.0;74;12.7;0;61.1;0.052
"30.07.2012 18:34:41";789.0;74;12.7;17609;61.0;0.054
"30.07.2012 18:35:41";789.0;74;12.7;17609;61.0;0.054
"30.07.2012 18:36:41";786.0;74;12.8;17609;61.0;0.054
"30.07.2012 18:37:41";29.0;74;12.7;17609;60.9;0.002
"30.07.2012 18:38:41";29.0;74;12.7;0;60.9;0.002
"30.07.2012 18:39:41";14.0;74;12.8;17609;60.9;0.001
"30.07.2012 18:40:41";774.0;74;12.6;17609;61.0;0.053
"30.07.2012 18:41:41";774.0;74;12.6;0;61.0;0.053
"30.07.2012 18:42:41";789.0;74;12.6;17609;60.9;0.054
"30.07.2012 18:43:41";789.0;74;12.6;0;60.9;0.054
"30.07.2012 18:44:41";758.0;73;12.7;17609;60.6;0.052
"30.07.2012 18:45:41";334.0;74;12.7;17609;61.1;0.023
"30.07.2012 18:46:41";334.0;74;12.7;0;61.1;0.023
"30.07.2012 18:47:41";680.0;74;12.7;17609;61.1;0.047
"30.07.2012 18:48:41";680.0;74;12.7;0;61.1;0.047
"30.07.2012 18:49:41";780.0;74;12.7;17609;61.1;0.054
"30.07.2012 18:50:41";28.0;74;12.7;17609;61.2;0.002
"30.07.2012 18:51:41";28.0;74;12.6;0;61.0;0.002
"30.07.2012 18:52:41";28.0;74;12.6;17609;61.0;0.002
"30.07.2012 18:53:41";28.0;74;12.6;0;61.0;0.002
"30.07.2012 18:54:41";42.0;74;12.6;17609;61.0;0.002
"30.07.2012 18:55:41";763.0;74;12.7;17609;61.0;0.003
"30.07.2012 18:56:41";763.0;74;12.5;0;61.1;0.053
"30.07.2012 18:57:41";794.0;74;12.5;17609;61.1;0.053
"30.07.2012 18:58:41";43.0;73;12.7;17609;60.7;0.055
"30.07.2012 18:59:41";43.0;74;12.7;0;61.0;0.003
"30.07.2012 19:00:41";292.0;74;12.7;17609;61.0;0.003
"30.07.2012 19:01:41";292.0;74;12.8;0;61.0;0.020
"30.07.2012 19:02:41";774.0;74;12.8;17609;61.0;0.020
"30.07.2012 19:03:41";774.0;74;12.7;17609;61.1;0.054
"30.07.2012 19:04:41";0.0;74;12.6;0;60.9;0.000
"30.07.2012 19:05:41";0.0;74;12.6;17609;60.9;0.000
"30.07.2012 19:06:41";0.0;73;12.5;0;60.9;0.000
"30.07.2012 19:07:41";0.0;73;12.5;17609;60.9;0.000
"30.07.2012 19:08:41";14.0;74;12.7;17609;60.8;0.001
"30.07.2012 19:09:41";835.0;74;12.4;0;61.1;0.058
"30.07.2012 19:10:41";835.0;74;12.4;17609;61.1;0.058
"30.07.2012 19:11:41";763.0;74;12.6;0;60.9;0.053
"30.07.2012 19:12:41";763.0;74;12.6;17609;60.9;0.053
"30.07.2012 19:13:41";782.0;73;12.6;17609;60.8;0.055
"30.07.2012 19:14:41";306.0;74;12.8;0;61.0;0.021
"30.07.2012 19:15:41";306.0;74;12.8;17609;61.0;0.021
"30.07.2012 19:16:41";534.0;74;12.6;0;61.0;0.037
"30.07.2012 19:17:41";534.0;74;12.6;17609;61.0;0.037
"30.07.2012 19:18:41";796.0;74;12.6;17609;61.1;0.055
"30.07.2012 19:19:41";14.0;74;12.6;0;60.9;0.001
"30.07.2012 19:20:41";14.0;74;12.6;17609;60.9;0.001
"30.07.2012 19:21:41";43.0;74;12.6;17609;60.9;0.003
"30.07.2012 19:22:41";772.0;74;12.5;0;61.1;0.054
"30.07.2012 19:23:41";772.0;74;12.5;17609;61.1;0.054
"30.07.2012 19:24:41";759.0;73;12.4;0;61.0;0.053
"30.07.2012 19:25:41";759.0;73;12.4;17609;61.0;0.053
"30.07.2012 19:26:41";778.0;73;12.5;17609;60.8;0.054
"30.07.2012 19:27:41";43.0;74;12.5;17609;61.0;0.003
"30.07.2012 19:28:41";43.0;74;12.5;0;61.0;0.003
"30.07.2012 19:29:41";359.0;74;12.5;17609;61.1;0.025
"30.07.2012 19:30:41";359.0;74;12.5;0;61.1;0.025
"30.07.2012 19:31:41";567.0;74;12.5;17609;61.1;0.040
"30.07.2012 19:32:41";28.0;73;12.4;17609;61.0;0.002
"30.07.2012 19:33:41";28.0;73;12.5;0;60.8;0.002
"30.07.2012 19:34:41";0.0;73;12.5;17609;60.8;0.000
"30.07.2012 19:35:41";0.0;73;12.5;0;60.8;0.000
"30.07.2012 19:36:41";28.0;73;12.4;17609;61.0;0.002
"30.07.2012 19:37:41";849.0;73;12.4;17609;61.0;0.060
"30.07.2012 19:38:41";849.0;73;12.5;0;60.8;0.054
"30.07.2012 19:39:41";765.0;73;12.4;17609;61.0;0.054
"30.07.2012 19:40:41";287.0;73;12.4;17609;61.0;0.020
"30.07.2012 19:41:41";287.0;74;12.4;0;61.1;0.053
"30.07.2012 19:42:41";753.0;74;12.4;17609;61.1;0.053
"30.07.2012 19:43:41";753.0;73;12.3;0;61.0;0.054
"30.07.2012 19:44:41";762.0;73;12.3;17609;60.9;0.001
"30.07.2012 19:45:41";14.0;73;12.3;17609;60.9;0.001
"30.07.2012 19:46:41";14.0;73;12.5;0;60.9;0.001
"30.07.2012 19:47:41";14.0;73;12.5;17609;60.9;0.001
"30.07.2012 19:48:41";14.0;74;12.4;0;61.1;0.019
"30.07.2012 19:49:41";271.0;73;12.4;17609;60.6;0.051
"30.07.2012 19:50:41";726.0;73;12.4;17609;60.6;0.051
"30.07.2012 19:51:41";726.0;73;12.5;0;60.8;0.000
"30.07.2012 19:52:41";0.0;73;12.5;17609;60.8;0.000
"30.07.2012 19:53:41";14.0;73;12.3;0;60.9;0.001
"30.07.2012 19:54:41";802.0;73;12.2;17609;61.1;0.057
"30.07.2012 19:55:41";802.0;73;12.2;17609;61.1;0.057
"30.07.2012 19:56:41";799.0;73;12.2;0;61.0;0.057
"30.07.2012 19:57:41";799.0;73;12.2;17609;61.0;0.057
"30.07.2012 19:58:41";723.0;73;12.2;0;60.8;0.052
"30.07.2012 19:59:41";299.0;74;12.4;17609;61.1;0.021
"30.07.2012 20:00:41";299.0;74;12.4;17609;61.1;0.021
"30.07.2012 20:01:41";298.0;73;12.3;0;61.0;0.021
"30.07.2012 20:02:41";313.0;73;12.3;17609;60.8;0.022
"30.07.2012 20:03:41";313.0;73;12.3;17609;60.8;0.022
"30.07.2012 20:04:41";0.0;73;12.2;0;60.8;0.000
"30.07.2012 20:05:41";0.0;73;12.2;17609;60.8;0.000
"30.07.2012 20:06:41";13.0;73;12.2;0;60.9;0.001
"30.07.2012 20:07:41";803.0;73;12.3;17609;61.0;0.057
"30.07.2012 20:08:41";803.0;73;12.3;17609;61.0;0.057
"30.07.2012 20:09:41";746.0;73;12.4;0;60.8;0.053
"30.07.2012 20:10:41";746.0;73;12.4;17609;60.8;0.053
"30.07.2012 20:11:41";768.0;73;12.2;0;60.6;0.055
"30.07.2012 20:12:41";367.0;73;12.4;17609;61.0;0.026
"30.07.2012 20:13:41";367.0;73;12.4;17609;61.0;0.026
"30.07.2012 20:14:41";816.0;73;12.5;0;60.9;0.058
"30.07.2012 20:15:41";816.0;73;12.5;17609;60.9;0.058
"30.07.2012 20:16:41";803.0;73;12.2;17609;61.1;0.058
"30.07.2012 20:17:41";28.0;73;12.2;17609;61.0;0.002
"30.07.2012 20:18:41";28.0;73;12.2;17609;61.0;0.002
"30.07.2012 20:19:41";28.0;73;12.3;17609;61.0;0.002
"30.07.2012 20:20:41";836.0;73;12.2;17609;60.9;0.060
"30.07.2012 20:21:41";836.0;73;12.2;17609;60.9;0.060
"30.07.2012 20:22:41";9655.0;74;35.7;17610;38.5;0.234
"30.07.2012 20:23:41";9655.0;74;35.7;17610;38.5;0.234
"30.07.2012 20:24:41";11285.0;74;32.3;17610;42.1;0.301
"30.07.2012 20:25:41";11014.0;75;30.8;17610;43.8;0.310
"30.07.2012 20:26:41";11014.0;75;30.8;17610;43.8;0.310
"30.07.2012 20:27:41";10713.0;75;28.0;17611;47.0;0.331
"30.07.2012 20:28:41";10713.0;75;28.0;0;47.0;0.331
"30.07.2012 20:29:41";1618.0;75;21.0;0;54.0;0.066
"30.07.2012 20:30:41";1122.0;75;17.8;17611;56.9;0.055
"30.07.2012 20:31:41";1122.0;75;17.8;17611;56.9;0.055
"30.07.2012 20:32:41";1040.0;75;17.2;0;57.4;0.053
"30.07.2012 20:33:41";1040.0;75;17.2;17611;57.4;0.053
"30.07.2012 20:34:41";1150.0;75;18.1;0;56.5;0.055
"30.07.2012 20:35:41";1126.0;75;18.1;17611;56.5;0.054
"30.07.2012 20:36:41";1126.0;75;18.1;17611;56.5;0.054
"30.07.2012 20:37:41";1176.0;75;17.9;17611;56.8;0.057
"30.07.2012 20:38:41";1176.0;75;17.9;17611;56.8;0.057
"30.07.2012 20:39:41";1106.0;75;17.1;17611;57.5;0.056
"30.07.2012 20:40:41";1037.0;75;16.8;17611;57.8;0.054
"30.07.2012 20:41:41";1037.0;75;16.8;17611;57.8;0.054
"30.07.2012 20:42:41";686.0;74;16.1;17611;58.3;0.037
"30.07.2012 20:43:41";1025.0;74;15.7;17611;58.7;0.057
"30.07.2012 20:44:41";1025.0;74;15.7;17611;58.7;0.057
"30.07.2012 20:49:15";623.0;74;14.7;17611;59.5;0.037
"30.07.2012 20:50:15";587.0;74;14.4;17611;59.7;0.036
"30.07.2012 20:51:15";587.0;74;14.4;17611;59.7;0.036
"30.07.2012 20:52:15";577.0;74;14.0;17611;59.9;0.036
"30.07.2012 20:53:15";586.0;74;13.9;17611;60.0;0.037
"30.07.2012 20:54:15";586.0;74;13.9;17611;60.0;0.037
"30.07.2012 20:59:07";555.0;74;13.5;17611;60.2;0.036
"30.07.2012 21:00:07";548.0;74;13.4;17611;60.3;0.036
"30.07.2012 21:01:07";575.0;74;13.2;17611;60.3;0.038
"30.07.2012 21:02:07";575.0;74;13.2;17611;60.3;0.038
"30.07.2012 21:03:07";569.0;74;13.1;17611;60.5;0.038
"30.07.2012 21:04:07";569.0;74;13.1;17611;60.5;0.038
"30.07.2012 21:05:07";546.0;73;13.0;17611;60.4;0.037
"30.07.2012 21:06:07";533.0;74;12.9;17611;60.6;0.036
"30.07.2012 21:07:07";533.0;74;12.9;17611;60.6;0.036
"30.07.2012 21:08:07";511.0;73;12.7;17611;60.5;0.035
"30.07.2012 21:09:07";511.0;73;12.7;17611;60.5;0.035
"30.07.2012 21:10:07";518.0;73;12.7;17611;60.5;0.036
"30.07.2012 21:11:07";526.0;73;12.6;17611;60.6;0.037
"30.07.2012 21:12:07";526.0;73;12.5;17611;60.6;0.037
"30.07.2012 21:13:07";511.0;73;12.5;17611;60.6;0.036
"30.07.2012 21:14:07";511.0;73;12.4;17611;60.6;0.036
"30.07.2012 21:15:07";509.0;73;12.4;17611;60.6;0.036
"30.07.2012 21:16:07";517.0;73;12.3;17611;60.7;0.036
"30.07.2012 21:17:07";517.0;73;12.2;17611;60.8;0.037
"30.07.2012 21:18:07";495.0;73;12.2;17611;60.8;0.037
"30.07.2012 21:19:07";495.0;73;12.1;17611;60.7;0.036
"30.07.2012 21:20:07";509.0;73;12.1;17611;60.7;0.036
"30.07.2012 21:21:07";493.0;73;12.1;17611;60.7;0.037
"30.07.2012 21:22:07";493.0;73;11.9;17611;60.8;0.036
"30.07.2012 21:23:07";493.0;73;11.9;17611;60.8;0.036
"30.07.2012 21:24:07";490.0;73;12.0;17611;60.7;0.036
"30.07.2012 21:25:07";500.0;73;11.9;17611;60.7;0.037
"30.07.2012 21:26:08";480.0;73;11.9;17611;60.7;0.037
"30.07.2012 21:30:14";478.0;72;11.6;17611;60.8;0.036
"30.07.2012 21:31:14";475.0;72;11.6;17611;60.8;0.036
"30.07.2012 21:32:14";475.0;72;11.6;17611;60.8;0.036
"30.07.2012 21:33:14";474.0;72;11.5;17611;60.9;0.036
"30.07.2012 21:34:14";459.0;72;11.6;17611;60.8;0.035
"30.07.2012 21:35:14";459.0;72;11.6;17611;60.8;0.035
"30.07.2012 21:36:14";465.0;72;11.4;17611;60.9;0.036
"30.07.2012 21:37:14";465.0;72;11.4;17611;60.9;0.036
"30.07.2012 21:38:14";463.0;72;11.4;17611;60.9;0.036
"30.07.2012 21:39:14";479.0;72;11.2;17611;60.9;0.037
"30.07.2012 21:40:14";479.0;72;11.2;17611;60.9;0.037
"30.07.2012 21:41:14";466.0;72;11.2;17611;60.9;0.036
"30.07.2012 21:42:14";454.0;72;11.2;17611;60.9;0.036
"30.07.2012 21:43:14";454.0;72;11.1;17611;60.9;0.036
"30.07.2012 21:44:14";456.0;72;11.1;17612;60.9;0.036
"30.07.2012 21:45:14";456.0;72;11.0;17612;60.9;0.036
"30.07.2012 21:46:14";455.0;72;11.0;17612;60.9;0.036
"30.07.2012 21:47:14";465.0;72;10.8;17612;61.0;0.036
"30.07.2012 21:48:14";465.0;72;11.0;17612;60.9;0.037
"30.07.2012 21:49:14";454.0;72;11.0;17612;60.9;0.037
"30.07.2012 21:50:14";454.0;72;11.1;17612;60.9;0.036
"30.07.2012 21:51:14";462.0;72;11.1;17612;60.9;0.036
"30.07.2012 21:52:14";435.0;72;11.2;17612;60.9;0.036
"30.07.2012 21:53:14";435.0;72;11.4;17612;60.9;0.034
"30.07.2012 21:54:14";471.0;72;11.4;17612;60.9;0.034
"30.07.2012 21:55:14";471.0;72;11.5;17612;60.9;0.036
"30.07.2012 21:56:14";471.0;72;11.5;17612;60.9;0.036
"30.07.2012 21:57:14";466.0;73;11.7;17612;60.9;0.035
"30.07.2012 21:58:14";481.0;73;11.6;17612;61.0;0.036
"30.07.2012 21:59:14";481.0;73;11.6;17612;61.0;0.036
"30.07.2012 22:03:39";476.0;73;11.9;17612;60.9;0.035
"30.07.2012 22:04:39";513.0;73;12.1;17612;60.9;0.037
"30.07.2012 22:05:39";484.0;73;12.0;17612;61.0;0.035
"30.07.2012 22:06:39";484.0;73;12.0;17612;61.0;0.035
"30.07.2012 22:07:39";506.0;73;12.0;17612;61.0;0.037
"30.07.2012 22:08:39";506.0;73;12.0;17612;61.0;0.037
"30.07.2012 22:09:39";492.0;73;12.0;17612;61.1;0.036
"30.07.2012 22:10:39";473.0;73;11.9;17612;61.0;0.035
"30.07.2012 22:11:39";473.0;73;11.9;17612;61.0;0.035
"30.07.2012 22:12:39";476.0;73;11.8;17612;61.1;0.035
"30.07.2012 22:13:39";476.0;73;11.8;17612;61.1;0.035
"30.07.2012 22:14:39";485.0;73;11.7;17612;61.0;0.036
"30.07.2012 22:15:39";485.0;73;11.7;17612;61.1;0.036
"30.07.2012 22:16:39";485.0;73;11.7;0;61.1;0.036
"30.07.2012 22:17:39";491.0;73;11.5;0;61.2;0.037
"30.07.2012 22:18:39";491.0;73;11.5;0;61.2;0.037
"30.07.2012 22:19:39";452.0;73;11.6;0;61.0;0.034
"30.07.2012 22:20:39";459.0;72;11.3;17612;61.2;0.035
"30.07.2012 22:21:39";459.0;72;11.3;0;61.2;0.035
"30.07.2012 22:22:39";467.0;72;11.3;0;61.1;0.036
"30.07.2012 22:23:39";464.0;72;11.4;17612;61.1;0.036
"30.07.2012 22:24:39";464.0;72;11.4;0;61.1;0.036
"30.07.2012 22:25:39";449.0;72;11.2;0;61.1;0.035
"30.07.2012 22:26:39";449.0;72;11.2;0;61.1;0.035
"30.07.2012 22:27:39";443.0;72;11.0;0;61.2;0.035
"30.07.2012 22:28:39";429.0;72;11.0;17612;61.2;0.034
"30.07.2012 22:29:39";429.0;72;11.0;0;61.2;0.034
"30.07.2012 22:30:39";451.0;72;10.9;0;61.2;0.036
"30.07.2012 22:31:39";451.0;72;10.9;0;61.2;0.036
"30.07.2012 22:32:39";429.0;72;10.7;0;61.1;0.035
"30.07.2012 22:33:39";441.0;72;10.7;17612;61.1;0.036
"30.07.2012 22:34:39";441.0;72;10.7;0;61.1;0.036
"30.07.2012 22:35:39";438.0;72;10.6;0;61.1;0.036
"30.07.2012 22:36:39";438.0;72;10.6;0;61.1;0.036
"30.07.2012 22:37:39";429.0;72;10.5;0;61.1;0.036
"30.07.2012 22:38:39";419.0;72;10.5;17612;61.1;0.035
"30.07.2012 22:39:39";419.0;72;10.5;0;61.1;0.035
"30.07.2012 22:40:39";427.0;71;10.3;0;61.1;0.036
"30.07.2012 22:41:39";427.0;71;10.3;0;61.1;0.036
"30.07.2012 22:42:39";412.0;71;10.2;0;61.2;0.035
"30.07.2012 22:43:39";409.0;72;10.3;17612;61.2;0.035
"30.07.2012 22:44:39";409.0;72;10.3;0;61.2;0.035
"30.07.2012 22:45:39";402.0;71;10.0;0;61.1;0.035
"30.07.2012 22:46:39";413.0;71;10.0;17612;61.2;0.036
"30.07.2012 22:47:39";413.0;71;10.0;0;61.2;0.036
"30.07.2012 22:48:39";425.0;71;9.9;0;61.1;0.037
"30.07.2012 22:49:39";425.0;71;9.9;0;61.1;0.037
"30.07.2012 22:50:39";407.0;71;9.8;0;61.1;0.036
"30.07.2012 22:51:39";402.0;71;9.9;17612;61.0;0.036
"30.07.2012 22:52:39";402.0;71;9.9;0;61.0;0.036
"30.07.2012 22:53:39";400.0;71;9.8;0;61.0;0.036
"30.07.2012 22:54:39";400.0;71;9.8;0;61.0;0.036
"30.07.2012 22:55:39";396.0;71;9.6;0;61.0;0.036
"30.07.2012 22:56:39";394.0;71;9.7;17612;61.0;0.036
"30.07.2012 22:57:39";394.0;71;9.7;0;61.0;0.036
"30.07.2012 22:58:39";391.0;70;9.5;0;61.0;0.036
"30.07.2012 22:59:39";391.0;70;9.5;0;61.0;0.036
"30.07.2012 23:00:39";388.0;70;9.5;0;60.9;0.036
"30.07.2012 23:01:39";387.0;70;9.4;17612;60.9;0.036
"30.07.2012 23:02:39";387.0;70;9.4;0;60.9;0.036
"30.07.2012 23:03:39";370.0;70;9.2;0;60.9;0.035
"30.07.2012 23:04:39";380.0;70;9.1;17612;61.0;0.036
"30.07.2012 23:05:39";380.0;70;9.1;0;61.0;0.036
"30.07.2012 23:06:39";380.0;70;9.1;0;60.9;0.036
"30.07.2012 23:07:39";380.0;70;9.1;0;60.9;0.036
"30.07.2012 23:08:39";351.0;70;9.2;0;60.8;0.034
"30.07.2012 23:09:39";364.0;70;9.0;17612;60.8;0.035
"30.07.2012 23:10:39";364.0;70;9.0;0;60.8;0.035
"30.07.2012 23:11:39";583.0;70;8.9;0;61.0;0.057
"30.07.2012 23:12:39";583.0;70;8.9;0;61.0;0.057
"30.07.2012 23:13:39";373.0;70;9.1;0;60.8;0.036
"30.07.2012 23:14:39";377.0;70;9.1;17612;60.7;0.036
"30.07.2012 23:15:39";377.0;70;9.1;0;60.7;0.036
"30.07.2012 23:16:39";379.0;70;8.9;0;60.7;0.037
"30.07.2012 23:17:39";379.0;70;8.9;0;60.7;0.037
"30.07.2012 23:18:39";572.0;70;8.8;0;60.9;0.057
"30.07.2012 23:19:39";553.0;70;8.8;17612;60.9;0.055
"30.07.2012 23:20:39";553.0;70;8.8;0;60.9;0.055
"30.07.2012 23:21:39";353.0;70;8.7;0;60.8;0.036
"30.07.2012 23:22:39";353.0;70;8.7;0;60.8;0.036
"30.07.2012 23:23:39";381.0;69;8.5;0;60.8;0.039
"30.07.2012 23:24:39";542.0;69;8.4;17612;60.9;0.056
"30.07.2012 23:25:39";542.0;69;8.4;0;60.9;0.056
"30.07.2012 23:26:39";543.0;69;8.3;0;61.0;0.057
"30.07.2012 23:27:39";363.0;69;8.3;17612;60.9;0.038
"30.07.2012 23:28:39";363.0;69;8.3;0;60.9;0.038
"30.07.2012 23:29:39";540.0;69;8.2;0;60.8;0.058
"30.07.2012 23:30:39";540.0;69;8.2;0;60.8;0.058
"30.07.2012 23:31:39";541.0;69;8.2;0;60.8;0.058
"30.07.2012 23:32:39";520.0;69;8.1;17612;61.0;0.056
"30.07.2012 23:33:39";520.0;69;8.2;0;60.9;0.056
"30.07.2012 23:34:39";498.0;69;8.2;0;60.9;0.055
"30.07.2012 23:35:39";498.0;69;8.1;0;61.0;0.055
"30.07.2012 23:36:39";336.0;69;8.1;0;61.0;0.055
"30.07.2012 23:37:39";328.0;69;8.0;17612;60.8;0.037
"30.07.2012 23:38:39";328.0;69;7.6;0;61.0;0.037
"30.07.2012 23:39:39";482.0;69;7.6;0;61.0;0.037
"30.07.2012 23:40:39";482.0;69;7.6;0;61.1;0.057
"30.07.2012 23:41:39";477.0;69;7.6;0;61.1;0.057
"30.07.2012 23:42:39";484.0;69;7.5;17612;61.1;0.056
"30.07.2012 23:43:39";484.0;69;7.4;0;61.2;0.057
"30.07.2012 23:44:39";484.0;69;7.4;0;61.2;0.057
"30.07.2012 23:45:39";474.0;68;7.4;17612;61.1;0.056
"30.07.2012 23:46:39";490.0;68;7.3;0;61.1;0.059
"30.07.2012 23:47:39";490.0;68;7.3;0;61.1;0.059
"30.07.2012 23:48:39";452.0;68;7.2;0;61.1;0.055
"30.07.2012 23:49:39";452.0;68;7.2;0;61.1;0.055
"30.07.2012 23:50:39";473.0;68;7.0;17612;61.3;0.058
"30.07.2012 23:51:39";451.0;68;6.9;0;61.3;0.057
"30.07.2012 23:52:39";451.0;68;6.9;0;61.3;0.057
"30.07.2012 23:53:39";442.0;68;6.8;0;61.3;0.056
"30.07.2012 23:54:39";442.0;68;6.8;0;61.3;0.056
"30.07.2012 23:55:39";433.0;68;6.8;17612;61.3;0.056
"30.07.2012 23:56:39";423.0;68;6.7;0;61.4;0.055
"30.07.2012 23:57:39";423.0;68;6.7;0;61.4;0.055
"30.07.2012 23:58:39";428.0;68;6.7;0;61.4;0.056
"30.07.2012 23:59:39";428.0;68;6.7;0;61.4;0.056
"31.07.2012 00:00:39";418.0;68;6.6;17612;61.3;0.056
"31.07.2012 00:01:39";433.0;68;6.6;0;61.3;0.058
"31.07.2012 00:02:39";433.0;68;6.6;0;61.3;0.058
"31.07.2012 00:03:39";406.0;68;6.4;0;61.3;0.055
"31.07.2012 00:04:39";406.0;68;6.4;0;61.3;0.055
"31.07.2012 00:05:39";417.0;68;6.3;17613;61.3;0.058
"31.07.2012 00:06:39";418.0;68;6.4;0;61.3;0.058
"31.07.2012 00:07:39";418.0;68;6.4;0;61.3;0.058
"31.07.2012 00:08:39";425.0;68;6.1;0;61.4;0.059
"31.07.2012 00:09:39";398.0;68;6.3;17613;61.2;0.056
"31.07.2012 00:10:39";398.0;68;6.3;0;61.2;0.056
"31.07.2012 00:11:39";397.0;67;6.2;0;61.2;0.056
"31.07.2012 00:12:39";397.0;67;6.2;0;61.2;0.056
"31.07.2012 00:13:39";387.0;68;6.1;0;61.4;0.056
"31.07.2012 00:14:39";395.0;67;6.1;17613;61.3;0.057
"31.07.2012 00:15:39";395.0;67;6.1;0;61.3;0.057
"31.07.2012 00:16:39";389.0;67;6.1;0;61.2;0.056
"31.07.2012 00:17:39";389.0;67;6.1;0;61.2;0.056
"31.07.2012 00:18:39";402.0;67;6.1;0;61.2;0.058
"31.07.2012 00:19:39";383.0;67;6.0;17613;61.3;0.055
"31.07.2012 00:20:39";383.0;67;6.0;0;61.3;0.055
"31.07.2012 00:21:39";403.0;67;6.1;0;61.2;0.059
"31.07.2012 00:22:39";403.0;67;6.1;0;61.2;0.059
"31.07.2012 00:23:39";404.0;67;5.9;0;61.2;0.059
"31.07.2012 00:24:39";398.0;67;5.9;17613;61.3;0.058
"31.07.2012 00:25:39";398.0;67;5.9;0;61.3;0.058
"31.07.2012 00:26:39";389.0;67;6.0;0;61.3;0.058
"31.07.2012 00:27:39";396.0;67;5.9;17613;61.2;0.059
"31.07.2012 00:28:39";396.0;67;5.9;0;61.2;0.059
"31.07.2012 00:29:39";393.0;67;5.9;0;61.2;0.059
"31.07.2012 00:30:39";393.0;67;5.9;0;61.2;0.059
"31.07.2012 00:31:39";407.0;67;5.9;0;61.2;0.060
"31.07.2012 00:32:39";385.0;67;6.1;17613;61.1;0.057
"31.07.2012 00:33:39";385.0;67;6.1;0;61.1;0.057
"31.07.2012 00:34:39";380.0;67;5.8;0;61.2;0.057
"31.07.2012 00:35:39";380.0;67;5.8;0;61.2;0.057
"31.07.2012 00:36:39";371.0;67;5.9;0;61.0;0.056
"31.07.2012 00:37:39";398.0;67;5.7;17613;61.1;0.059
"31.07.2012 00:38:39";398.0;67;5.7;0;61.1;0.059
"31.07.2012 00:39:39";378.0;67;5.8;0;61.1;0.057
"31.07.2012 00:40:39";378.0;67;5.8;0;61.1;0.057
"31.07.2012 00:41:39";386.0;67;5.8;0;61.1;0.058
"31.07.2012 00:42:39";406.0;67;5.8;17613;61.0;0.061
"31.07.2012 00:43:39";406.0;67;5.8;0;61.0;0.061
"31.07.2012 00:44:39";387.0;67;5.8;0;61.0;0.059
"31.07.2012 00:45:38";387.0;67;5.8;0;61.0;0.059
"31.07.2012 00:46:39";370.0;67;5.8;0;61.0;0.057
"31.07.2012 00:47:39";368.0;67;5.8;17613;61.0;0.057
"31.07.2012 00:48:39";368.0;67;5.8;0;61.0;0.057
"31.07.2012 00:49:39";368.0;67;5.8;0;61.0;0.056
"31.07.2012 00:50:39";376.0;67;5.7;17613;61.0;0.057
"31.07.2012 00:51:39";376.0;67;5.7;0;61.0;0.057
"31.07.2012 00:52:39";378.0;67;5.7;0;60.9;0.058
"31.07.2012 00:53:39";378.0;67;5.7;0;60.9;0.058
"31.07.2012 00:54:39";370.0;67;5.7;0;61.0;0.058
"31.07.2012 00:55:39";368.0;67;5.6;17613;61.0;0.057
"31.07.2012 00:56:39";368.0;67;5.6;0;61.0;0.057
"31.07.2012 00:57:39";379.0;67;5.7;0;60.9;0.059
"31.07.2012 00:58:39";379.0;67;5.7;0;60.9;0.059
"31.07.2012 00:59:39";386.0;66;5.6;0;60.9;0.060
"31.07.2012 01:00:39";369.0;66;5.6;17613;60.9;0.058
"31.07.2012 01:01:39";369.0;66;5.6;0;60.9;0.058
"31.07.2012 01:02:39";364.0;66;5.6;0;60.9;0.057
"31.07.2012 01:03:39";364.0;66;5.5;0;60.9;0.060
"31.07.2012 01:04:39";371.0;66;5.6;0;60.8;0.062
"31.07.2012 01:05:39";388.0;66;5.6;17613;60.8;0.062
"31.07.2012 01:06:39";388.0;66;5.6;0;60.8;0.064
"31.07.2012 01:07:39";401.0;66;5.4;0;60.8;0.064
"31.07.2012 01:08:39";399.0;66;5.4;17613;60.8;0.064
"31.07.2012 01:09:39";399.0;66;5.4;0;60.8;0.066
"31.07.2012 01:10:39";405.0;66;5.4;0;60.8;0.066
"31.07.2012 01:11:39";405.0;66;5.4;0;60.8;0.066
"31.07.2012 01:12:39";413.0;66;5.3;0;60.8;0.066
"31.07.2012 01:13:39";405.0;66;5.3;17613;60.8;0.066
"31.07.2012 01:14:39";398.0;66;5.3;0;60.7;0.063
"31.07.2012 01:15:39";398.0;66;5.3;0;60.7;0.063
"31.07.2012 01:16:39";389.0;66;5.2;0;60.8;0.064
"31.07.2012 01:17:39";420.0;66;5.1;0;60.8;0.070
"31.07.2012 01:18:39";420.0;66;5.1;17613;60.8;0.070
"31.07.2012 01:19:39";414.0;66;5.1;0;60.8;0.070
"31.07.2012 01:20:39";414.0;66;5.1;0;60.8;0.070
"31.07.2012 01:21:39";411.0;66;5.1;0;60.7;0.070
"31.07.2012 01:22:39";407.0;66;5.2;0;60.8;0.069
"31.07.2012 01:23:39";407.0;66;5.2;17613;60.8;0.069
"31.07.2012 01:24:39";422.0;66;5.2;0;60.7;0.073
"31.07.2012 01:25:39";422.0;66;5.2;0;60.7;0.073
"31.07.2012 01:26:39";415.0;66;5.0;0;60.8;0.073
"31.07.2012 01:27:39";421.0;66;4.9;0;60.8;0.074
"31.07.2012 01:28:39";421.0;66;4.9;17613;60.8;0.074
"31.07.2012 01:29:39";408.0;66;5.0;0;60.7;0.072
"31.07.2012 01:30:39";407.0;66;5.0;0;60.7;0.072
"31.07.2012 01:31:39";407.0;66;5.0;17613;60.7;0.072
"31.07.2012 01:32:39";396.0;66;4.8;0;60.8;0.073
"31.07.2012 01:33:39";396.0;66;4.8;0;60.8;0.073
"31.07.2012 01:34:39";415.0;66;4.9;0;60.7;0.074
"31.07.2012 01:35:39";402.0;66;4.8;0;60.8;0.074
"31.07.2012 01:36:39";402.0;66;4.8;17613;60.8;0.074
"31.07.2012 01:37:39";407.0;66;4.8;0;60.7;0.075
"31.07.2012 01:38:39";407.0;66;4.8;0;60.7;0.075
"31.07.2012 01:39:39";416.0;66;4.6;17613;60.9;0.077
"31.07.2012 01:40:39";409.0;66;4.7;17613;60.8;0.075
"31.07.2012 01:41:39";409.0;66;4.7;17613;60.8;0.075
"31.07.2012 01:42:39";406.0;66;4.7;17613;60.8;0.075
"31.07.2012 01:43:39";406.0;66;4.7;17613;60.8;0.075
"31.07.2012 01:44:39";407.0;65;4.6;17613;60.8;0.076
"31.07.2012 01:45:39";396.0;65;4.5;17613;60.8;0.076
"31.07.2012 01:46:39";396.0;65;4.5;17613;60.8;0.076
"31.07.2012 01:47:39";402.0;65;4.5;17613;60.9;0.078
"31.07.2012 01:48:39";402.0;65;4.6;17613;60.8;0.079
"31.07.2012 01:49:39";402.0;65;4.6;17613;60.8;0.079
"31.07.2012 01:50:39";411.0;65;4.6;17613;60.8;0.078
"31.07.2012 01:51:39";411.0;65;4.6;17613;60.8;0.078
"31.07.2012 01:52:39";401.0;65;4.6;17613;60.7;0.077
"31.07.2012 01:53:39";402.0;65;4.6;17613;60.8;0.078
"31.07.2012 01:54:39";402.0;65;4.6;17613;60.8;0.078
"31.07.2012 01:55:39";401.0;65;4.5;17613;60.8;0.079
"31.07.2012 01:56:39";401.0;65;4.5;17613;60.8;0.079
"31.07.2012 01:57:39";404.0;65;4.5;17613;60.8;0.081
"31.07.2012 01:58:39";411.0;65;4.5;17613;60.7;0.082
"31.07.2012 01:59:39";411.0;65;4.5;17613;60.7;0.082
"31.07.2012 02:00:39";423.0;65;4.4;17613;60.8;0.084
"31.07.2012 02:01:39";423.0;65;4.4;17613;60.8;0.084
"31.07.2012 02:02:39";407.0;65;4.4;17613;60.8;0.081
"31.07.2012 02:03:39";412.0;65;4.4;17613;60.9;0.083
"31.07.2012 02:04:39";412.0;65;4.4;17613;60.9;0.083
"31.07.2012 02:05:39";411.0;65;4.3;17613;60.8;0.083
"31.07.2012 02:06:39";411.0;65;4.3;17613;60.8;0.083
"31.07.2012 02:07:39";423.0;65;4.3;17613;60.8;0.084
"31.07.2012 02:08:39";402.0;65;4.3;17613;60.8;0.082
"31.07.2012 02:09:39";402.0;65;4.3;17613;60.8;0.082
"31.07.2012 02:10:39";416.0;65;4.3;17613;60.8;0.084
"31.07.2012 02:11:39";392.0;65;4.3;17613;60.9;0.081
"31.07.2012 02:12:39";392.0;65;4.3;17613;60.9;0.081
"31.07.2012 02:13:39";425.0;65;4.2;17613;60.8;0.087
"31.07.2012 02:14:39";425.0;65;4.2;17613;60.8;0.087
"31.07.2012 02:15:39";417.0;65;4.1;17613;60.9;0.087
"31.07.2012 02:16:39";414.0;65;4.2;17613;60.9;0.085
"31.07.2012 02:17:39";414.0;65;4.2;17613;60.9;0.085
"31.07.2012 02:18:39";413.0;65;4.3;17613;60.8;0.086
"31.07.2012 02:19:39";413.0;65;4.3;17613;60.8;0.086
"31.07.2012 02:20:39";424.0;65;4.2;17613;61.0;0.089
"31.07.2012 02:21:39";409.0;65;4.2;17613;60.8;0.086
"31.07.2012 02:22:39";409.0;65;4.2;17613;60.8;0.086
"31.07.2012 02:23:39";404.0;65;4.3;17613;60.8;0.086
"31.07.2012 02:24:39";404.0;65;4.3;17613;60.8;0.086
"31.07.2012 02:25:39";418.0;65;4.1;17613;60.9;0.088
"31.07.2012 02:26:39";413.0;65;4.1;17613;60.9;0.087
"31.07.2012 02:27:39";413.0;65;4.1;17613;60.9;0.087
"31.07.2012 02:28:39";389.0;65;4.2;17613;60.9;0.085
"31.07.2012 02:29:39";408.0;65;4.2;17613;60.9;0.089
"31.07.2012 02:30:39";408.0;65;4.2;17613;60.9;0.089
"31.07.2012 02:31:39";424.0;65;4.1;17613;60.9;0.090
"31.07.2012 02:32:39";424.0;65;4.1;17613;60.9;0.090
"31.07.2012 02:33:39";396.0;65;4.0;17614;60.9;0.085
"31.07.2012 02:34:39";399.0;65;4.0;17614;60.9;0.087
"31.07.2012 02:35:39";399.0;65;4.0;17614;60.9;0.087
"31.07.2012 02:36:39";406.0;65;4.1;17614;60.8;0.089
"31.07.2012 02:37:39";406.0;65;4.1;17614;60.8;0.089
"31.07.2012 02:38:39";399.0;65;4.0;17614;60.9;0.087
"31.07.2012 02:39:39";414.0;65;4.0;17614;60.9;0.089
"31.07.2012 02:40:39";414.0;65;4.0;17614;60.9;0.089
"31.07.2012 02:41:39";401.0;65;4.0;17614;60.9;0.089
"31.07.2012 02:42:39";401.0;65;4.0;17614;60.9;0.089
"31.07.2012 02:43:39";416.0;65;3.9;17614;60.9;0.091
"31.07.2012 02:44:39";410.0;65;3.9;17614;60.9;0.092
"31.07.2012 02:45:39";410.0;65;3.9;17614;60.9;0.092
"31.07.2012 02:46:39";416.0;65;3.9;17614;60.9;0.092
"31.07.2012 02:47:39";416.0;65;3.9;17614;60.9;0.092
"31.07.2012 02:48:39";423.0;65;3.9;17614;60.9;0.092
"31.07.2012 02:49:39";423.0;65;4.0;17614;60.9;0.091
"31.07.2012 02:50:39";423.0;65;4.0;17614;60.9;0.091
"31.07.2012 02:51:39";423.0;65;4.0;17614;60.9;0.090
"31.07.2012 02:52:39";438.0;65;4.2;17614;60.9;0.091
"31.07.2012 02:53:39";438.0;65;4.2;17614;60.9;0.091
"31.07.2012 02:54:39";430.0;65;4.1;17614;60.9;0.090
"31.07.2012 02:55:39";430.0;65;4.1;17614;60.9;0.090
"31.07.2012 02:56:39";435.0;65;4.1;17614;61.0;0.090
"31.07.2012 02:57:39";441.0;65;4.3;17614;60.9;0.090
"31.07.2012 02:58:39";441.0;65;4.3;17614;60.9;0.090
"31.07.2012 02:59:39";458.0;65;4.3;17614;61.0;0.091
"31.07.2012 03:00:39";458.0;65;4.3;17614;61.0;0.091
"31.07.2012 03:01:39";474.0;66;4.5;17614;61.0;0.092
"31.07.2012 03:02:39";468.0;65;4.3;17614;61.0;0.090
"31.07.2012 03:03:39";468.0;65;4.3;17614;61.0;0.090
"31.07.2012 03:04:39";481.0;66;4.6;17614;60.9;0.095
"31.07.2012 03:05:39";481.0;66;4.6;17614;60.9;0.095
"31.07.2012 03:06:39";496.0;66;4.6;17614;61.0;0.092
"31.07.2012 03:07:39";491.0;66;4.7;17614;61.0;0.091
"31.07.2012 03:08:39";491.0;66;4.7;17614;61.0;0.091
"31.07.2012 03:09:39";509.0;66;4.7;17614;61.1;0.092
"31.07.2012 03:10:39";503.0;66;4.9;17614;61.1;0.090
"31.07.2012 03:11:39";503.0;66;4.9;17614;61.1;0.090
"31.07.2012 03:12:39";511.0;66;5.1;17614;61.1;0.090
"31.07.2012 03:13:39";511.0;66;5.1;0;61.1;0.090
"31.07.2012 03:14:39";531.0;66;5.1;0;61.1;0.091
"31.07.2012 03:15:39";542.0;66;5.2;17614;61.2;0.092
"31.07.2012 03:16:39";542.0;66;5.2;0;61.2;0.092
"31.07.2012 03:17:39";515.0;66;5.3;0;61.2;0.085
"31.07.2012 03:18:39";515.0;66;5.3;0;61.2;0.085
"31.07.2012 03:19:39";539.0;67;5.4;0;61.3;0.087
"31.07.2012 03:20:39";503.0;67;5.4;17614;61.3;0.082
"31.07.2012 03:21:39";503.0;67;5.4;0;61.3;0.082
"31.07.2012 03:22:39";506.0;67;5.4;0;61.4;0.081
"31.07.2012 03:23:39";506.0;67;5.4;0;61.4;0.081
"31.07.2012 03:24:39";486.0;67;5.6;0;61.4;0.076
"31.07.2012 03:25:39";458.0;67;5.6;17614;61.5;0.072
"31.07.2012 03:26:39";458.0;67;5.6;0;61.5;0.072
"31.07.2012 03:27:39";498.0;67;5.6;0;61.5;0.075
"31.07.2012 03:28:39";498.0;67;5.6;0;61.5;0.075
"31.07.2012 03:29:39";471.0;67;5.8;0;61.6;0.071
"31.07.2012 03:30:39";455.0;67;5.9;17614;61.5;0.069
"31.07.2012 03:31:39";455.0;67;5.9;0;61.5;0.069
"31.07.2012 03:32:39";445.0;67;5.8;0;61.6;0.067
"31.07.2012 03:33:39";430.0;67;5.8;17614;61.6;0.064
"31.07.2012 03:34:39";430.0;67;5.8;0;61.6;0.064
"31.07.2012 03:35:39";436.0;68;6.0;0;61.7;0.064
"31.07.2012 03:36:39";436.0;68;6.0;0;61.7;0.064
"31.07.2012 03:37:39";441.0;68;6.0;0;61.7;0.062
"31.07.2012 03:38:39";433.0;68;6.1;17614;61.6;0.062
"31.07.2012 03:39:39";433.0;68;6.1;0;61.6;0.062
"31.07.2012 03:40:39";441.0;68;6.1;0;61.6;0.061
"31.07.2012 03:41:39";441.0;68;6.1;0;61.6;0.061
"31.07.2012 03:42:39";429.0;68;6.4;0;61.6;0.059
"31.07.2012 03:43:39";427.0;68;6.4;17614;61.6;0.058
"31.07.2012 03:44:39";427.0;68;6.4;0;61.6;0.058
"31.07.2012 03:45:39";435.0;68;6.4;0;61.6;0.059
"31.07.2012 03:46:39";435.0;68;6.4;0;61.6;0.059
"31.07.2012 03:47:39";428.0;68;6.5;0;61.6;0.058
"31.07.2012 03:48:39";448.0;68;6.6;17614;61.6;0.059
"31.07.2012 03:49:39";448.0;68;6.6;0;61.6;0.059
"31.07.2012 03:50:39";464.0;68;6.7;0;61.6;0.060
"31.07.2012 03:51:39";429.0;68;6.6;17614;61.6;0.057
"31.07.2012 03:52:39";429.0;68;6.6;0;61.6;0.057
"31.07.2012 03:53:39";424.0;68;6.9;0;61.6;0.054
"31.07.2012 03:54:39";424.0;68;6.9;0;61.6;0.054
"31.07.2012 03:55:39";430.0;68;6.9;0;61.5;0.054
"31.07.2012 03:56:39";328.0;68;7.0;17614;61.5;0.041
"31.07.2012 03:57:39";328.0;68;7.0;0;61.5;0.041
"31.07.2012 03:58:39";313.0;68;7.0;0;61.5;0.040
"31.07.2012 03:59:39";313.0;68;7.0;0;61.5;0.040
"31.07.2012 04:00:39";357.0;68;7.0;0;61.5;0.045
"31.07.2012 04:01:39";338.0;68;7.0;17614;61.4;0.042
"31.07.2012 04:02:39";338.0;68;7.0;0;61.4;0.042
"31.07.2012 04:03:39";341.0;68;7.1;0;61.4;0.043
"31.07.2012 04:04:39";341.0;68;7.1;0;61.4;0.043
"31.07.2012 04:05:39";327.0;69;7.2;0;61.4;0.040
"31.07.2012 04:06:39";331.0;69;7.4;17614;61.3;0.040
"31.07.2012 04:07:39";331.0;69;7.4;0;61.3;0.040
"31.07.2012 04:08:39";328.0;69;7.4;0;61.3;0.039
"31.07.2012 04:09:39";328.0;69;7.4;0;61.3;0.039
"31.07.2012 04:10:39";349.0;69;7.4;0;61.3;0.041
"31.07.2012 04:11:39";331.0;69;7.5;17614;61.2;0.038
"31.07.2012 04:12:39";331.0;69;7.6;0;61.2;0.038
"31.07.2012 04:13:39";405.0;69;7.6;0;61.2;0.038
"31.07.2012 04:14:39";446.0;70;8.8;17614;61.1;0.040
"31.07.2012 04:15:39";446.0;71;10.1;0;61.1;0.039
"31.07.2012 04:16:39";601.0;71;10.1;0;61.1;0.039
"31.07.2012 04:17:39";601.0;74;13.2;0;61.1;0.040
"31.07.2012 04:18:39";247.0;74;13.2;0;61.1;0.040
"31.07.2012 04:19:39";1026.0;76;15.5;17614;60.9;0.014
"31.07.2012 04:20:39";1026.0;76;15.7;0;60.7;0.057
"31.07.2012 04:21:39";1009.0;76;15.7;0;60.7;0.057
"31.07.2012 04:22:39";1009.0;77;16.6;0;60.5;0.053
"31.07.2012 04:23:39";1009.0;77;16.6;0;60.5;0.053
"31.07.2012 04:24:39";0.0;78;17.5;17614;60.7;0.000
"31.07.2012 04:25:39";41.0;79;18.2;0;61.1;0.002
"31.07.2012 04:26:39";41.0;79;18.2;0;61.1;0.002
"31.07.2012 04:27:39";62.0;79;18.2;0;61.2;0.003
"31.07.2012 04:28:39";62.0;79;18.2;0;61.2;0.003
"31.07.2012 04:29:39";606.0;80;18.3;17614;61.2;0.029
"31.07.2012 04:30:39";0.0;79;18.2;0;60.8;0.000
"31.07.2012 04:31:39";0.0;79;18.2;0;60.8;0.000
"31.07.2012 04:32:39";0.0;79;18.0;17614;61.0;0.000
"31.07.2012 04:33:39";886.0;79;18.0;0;61.1;0.043
"31.07.2012 04:34:39";886.0;79;18.0;0;61.1;0.043
"31.07.2012 04:35:39";964.0;79;17.9;0;61.0;0.047
"31.07.2012 04:36:39";964.0;79;17.9;0;61.0;0.047
"31.07.2012 04:37:39";974.0;78;17.7;17614;60.8;0.048
"31.07.2012 04:38:39";0.0;79;18.0;0;61.1;0.000
"31.07.2012 04:39:39";0.0;79;18.0;0;61.1;0.000
"31.07.2012 04:40:39";0.0;79;17.9;0;61.1;0.000
"31.07.2012 04:41:39";0.0;79;17.9;0;61.1;0.000
"31.07.2012 04:42:39";0.0;79;17.8;17614;61.1;0.000
"31.07.2012 04:43:39";0.0;79;17.9;0;60.7;0.000
"31.07.2012 04:44:39";0.0;79;17.9;0;60.7;0.000
"31.07.2012 04:45:39";0.0;78;17.7;0;60.8;0.000
"31.07.2012 04:46:39";0.0;78;17.7;0;60.8;0.000
"31.07.2012 04:47:39";0.0;78;17.5;0;60.9;0.000
"31.07.2012 04:48:39";936.0;78;17.3;17614;60.9;0.047
"31.07.2012 04:49:39";936.0;78;17.3;0;60.9;0.047
"31.07.2012 04:50:39";706.0;78;17.1;0;60.5;0.036
"31.07.2012 04:51:39";706.0;78;17.1;0;60.5;0.036
"31.07.2012 04:52:39";540.0;78;17.4;0;60.7;0.027
"31.07.2012 04:53:39";537.0;78;17.3;17615;61.1;0.027
"31.07.2012 04:54:39";537.0;78;17.3;0;61.1;0.027
"31.07.2012 04:55:39";899.0;78;17.2;0;61.0;0.046
"31.07.2012 04:56:39";0.0;78;17.4;17615;60.8;0.000
"31.07.2012 04:57:39";0.0;78;17.4;0;60.8;0.000
"31.07.2012 04:58:39";0.0;78;17.1;0;60.9;0.000
"31.07.2012 04:59:39";0.0;78;17.1;0;60.9;0.000
"31.07.2012 05:00:39";0.0;78;17.1;0;61.0;0.000
"31.07.2012 05:01:39";805.0;78;17.1;17615;60.5;0.041
"31.07.2012 05:02:39";805.0;78;17.1;0;60.5;0.041
"31.07.2012 05:03:39";427.0;78;17.0;0;60.7;0.022
"31.07.2012 05:04:39";427.0;78;17.0;0;60.7;0.022
"31.07.2012 05:05:39";0.0;78;17.1;0;60.7;0.000
"31.07.2012 05:06:39";875.0;78;17.1;17615;61.0;0.045
"31.07.2012 05:07:39";875.0;78;17.1;0;61.0;0.045
"31.07.2012 05:08:39";882.0;78;16.7;0;61.0;0.046
"31.07.2012 05:09:39";882.0;78;16.7;0;61.0;0.046
"31.07.2012 05:10:39";892.0;78;16.7;0;60.9;0.047
"31.07.2012 05:11:39";0.0;78;16.7;17615;60.9;0.000
"31.07.2012 05:12:39";0.0;78;16.7;0;60.9;0.000
"31.07.2012 05:13:39";0.0;78;16.6;0;61.0;0.000
"31.07.2012 05:14:39";948.0;77;16.5;17615;60.8;0.050
"31.07.2012 05:15:39";948.0;77;16.5;0;60.8;0.050
"31.07.2012 05:16:39";911.0;77;16.3;0;60.6;0.049
"31.07.2012 05:17:39";911.0;77;16.3;0;60.6;0.049
"31.07.2012 05:18:39";720.0;77;16.3;0;60.6;0.038
"31.07.2012 05:19:39";18.0;78;16.4;17615;61.1;0.001
"31.07.2012 05:20:39";18.0;78;16.4;0;61.1;0.001
"31.07.2012 05:21:39";112.0;78;16.4;0;61.1;0.006
"31.07.2012 05:22:39";112.0;78;16.4;0;61.1;0.006
"31.07.2012 05:23:39";949.0;77;16.2;0;61.1;0.051
"31.07.2012 05:24:39";0.0;77;16.2;17615;60.8;0.000
"31.07.2012 05:25:39";0.0;77;16.2;0;60.8;0.000
"31.07.2012 05:26:39";0.0;77;16.2;0;60.9;0.000
"31.07.2012 05:27:39";0.0;77;16.2;0;60.9;0.000
"31.07.2012 05:28:39";0.0;77;15.9;0;60.9;0.000
"31.07.2012 05:29:39";945.0;77;15.9;17615;61.0;0.052
"31.07.2012 05:30:39";945.0;77;15.9;0;61.0;0.052
"31.07.2012 05:31:39";919.0;77;15.9;0;60.8;0.051
"31.07.2012 05:32:39";919.0;77;15.9;0;60.8;0.051
"31.07.2012 05:33:39";891.0;76;15.6;0;60.7;0.050
"31.07.2012 05:34:39";0.0;77;15.7;17615;61.1;0.000
"31.07.2012 05:35:39";0.0;77;15.7;0;61.1;0.000
"31.07.2012 05:36:39";0.0;77;15.7;0;61.1;0.000
"31.07.2012 05:37:39";516.0;76;15.8;17615;60.6;0.029
"31.07.2012 05:38:39";516.0;76;15.8;0;60.6;0.029
"31.07.2012 05:39:39";0.0;76;15.5;0;60.8;0.000
"31.07.2012 05:40:39";0.0;76;15.5;0;60.8;0.000
"31.07.2012 05:41:39";0.0;76;15.5;0;60.8;0.000
"31.07.2012 05:42:39";801.0;76;15.3;17615;61.1;0.046
"31.07.2012 05:43:39";801.0;76;15.3;0;61.1;0.046
"31.07.2012 05:44:39";822.0;76;15.3;0;61.0;0.047
"31.07.2012 05:45:39";822.0;76;15.3;0;61.0;0.047
"31.07.2012 05:46:39";1007.0;76;15.1;0;61.0;0.058
"31.07.2012 05:47:39";0.0;76;15.3;17615;61.0;0.000
"31.07.2012 05:48:39";0.0;76;15.3;0;61.0;0.000
"31.07.2012 05:49:39";0.0;76;15.3;0;61.0;0.000
"31.07.2012 05:50:39";0.0;76;15.3;0;61.0;0.000
"31.07.2012 05:51:39";0.0;76;15.2;0;61.1;0.000
"31.07.2012 05:52:39";848.0;76;15.2;17615;60.6;0.049
"31.07.2012 05:53:39";848.0;76;15.2;0;60.6;0.049
"31.07.2012 05:54:39";101.0;76;14.8;0;60.8;0.006
"31.07.2012 05:55:39";767.0;76;14.9;17615;61.1;0.045
"31.07.2012 05:56:39";767.0;76;14.9;0;61.1;0.045
"31.07.2012 05:57:39";847.0;76;14.9;0;61.0;0.050
"31.07.2012 05:58:39";847.0;76;14.7;0;61.1;0.050
"31.07.2012 05:59:39";791.0;76;14.9;0;60.9;0.047
"31.07.2012 06:00:39";0.0;76;14.9;17615;60.9;0.000
"31.07.2012 06:01:39";0.0;76;14.8;0;60.9;0.000
"31.07.2012 06:02:39";0.0;76;14.8;0;60.9;0.000
"31.07.2012 06:03:39";0.0;76;14.6;0;61.1;0.000
"31.07.2012 06:04:39";0.0;75;14.5;0;60.7;0.045
"31.07.2012 06:05:39";746.0;75;14.5;17615;60.7;0.045
"31.07.2012 06:06:39";746.0;75;14.5;0;60.6;0.045
"31.07.2012 06:07:39";750.0;75;14.5;0;60.6;0.045
"31.07.2012 06:08:39";750.0;75;14.5;0;60.8;0.022
"31.07.2012 06:09:39";362.0;75;14.4;0;61.0;0.044
"31.07.2012 06:10:39";716.0;75;14.4;17615;61.0;0.044
"31.07.2012 06:11:39";909.0;75;14.2;0;61.1;0.056
"31.07.2012 06:12:39";909.0;75;14.2;0;61.1;0.056
"31.07.2012 06:13:39";949.0;75;14.0;0;61.1;0.059
"31.07.2012 06:14:39";32.0;75;14.1;0;60.9;0.002
"31.07.2012 06:15:39";32.0;75;14.1;17615;60.9;0.002
"31.07.2012 06:16:39";0.0;75;14.1;0;61.0;0.000
"31.07.2012 06:17:39";918.0;75;13.9;0;60.9;0.058
"31.07.2012 06:18:39";918.0;75;13.9;17615;60.9;0.058
"31.07.2012 06:19:39";734.0;75;13.9;0;60.8;0.046
"31.07.2012 06:20:39";734.0;75;13.9;0;60.8;0.046
"31.07.2012 06:21:39";757.0;74;13.8;0;60.6;0.048
"31.07.2012 06:22:39";63.0;75;13.9;0;61.1;0.004
"31.07.2012 06:23:39";63.0;75;13.9;17615;61.1;0.004
"31.07.2012 06:24:39";63.0;75;13.8;0;61.1;0.004
"31.07.2012 06:25:39";63.0;75;13.8;0;61.1;0.004
"31.07.2012 06:26:39";888.0;75;13.8;0;61.0;0.056
"31.07.2012 06:27:39";0.0;74;13.7;0;60.8;0.000
"31.07.2012 06:28:39";0.0;74;13.7;17615;60.8;0.000
"31.07.2012 06:29:39";0.0;74;13.5;0;61.0;0.000
"31.07.2012 06:30:39";0.0;74;13.5;0;61.0;0.000
"31.07.2012 06:31:39";0.0;74;13.5;0;61.0;0.000
"31.07.2012 06:32:39";882.0;74;13.4;0;61.0;0.058
"31.07.2012 06:33:39";882.0;74;13.4;17615;61.0;0.058
"31.07.2012 06:34:39";861.0;74;13.4;0;60.9;0.056
"31.07.2012 06:35:39";15.0;75;13.5;0;61.1;0.001
"31.07.2012 06:36:39";15.0;75;13.5;17615;61.1;0.001
"31.07.2012 06:37:39";0.0;75;13.4;17615;61.2;0.000
"31.07.2012 06:38:39";0.0;75;13.4;17615;61.2;0.000
"31.07.2012 06:39:39";61.0;75;13.4;17615;61.2;0.004
"31.07.2012 06:40:39";657.0;74;13.3;17615;60.6;0.043
"31.07.2012 06:41:39";657.0;74;13.3;17615;60.6;0.043
"31.07.2012 06:42:39";121.0;74;13.1;17615;60.8;0.008
"31.07.2012 06:43:39";121.0;74;13.1;17615;60.8;0.008
"31.07.2012 06:44:39";0.0;74;13.2;17615;60.9;0.000
"31.07.2012 06:45:39";891.0;74;13.1;17615;61.2;0.059
"31.07.2012 06:46:39";891.0;74;13.1;17615;61.2;0.059
"31.07.2012 06:47:39";864.0;74;13.0;17615;61.2;0.058
"31.07.2012 06:48:39";864.0;74;13.0;17615;61.2;0.058
"31.07.2012 06:49:39";861.0;74;13.0;17615;61.2;0.058
"31.07.2012 06:50:39";0.0;74;13.2;17615;61.0;0.000
"31.07.2012 06:51:39";0.0;74;13.2;17615;61.0;0.000
"31.07.2012 06:52:39";29.0;74;13.0;17615;61.1;0.002
"31.07.2012 06:53:39";29.0;74;13.0;17615;61.1;0.002
"31.07.2012 06:54:39";103.0;74;12.9;17615;61.1;0.007
"31.07.2012 06:55:39";671.0;74;12.9;17615;60.7;0.045
"31.07.2012 06:56:39";671.0;74;12.9;17615;60.7;0.045
"31.07.2012 06:57:39";534.0;74;13.0;17615;60.7;0.036
"31.07.2012 06:58:39";827.0;74;12.9;17615;61.0;0.056
"31.07.2012 06:59:39";827.0;74;12.9;17615;61.0;0.056
"31.07.2012 07:00:39";870.0;74;12.8;17615;61.1;0.059
"31.07.2012 07:01:39";870.0;74;12.8;17615;61.1;0.059
"31.07.2012 07:02:39";889.0;74;12.7;17615;61.1;0.061
"31.07.2012 07:03:39";0.0;74;12.9;17615;60.8;0.000
"31.07.2012 07:04:39";0.0;74;12.9;17615;60.8;0.000
"31.07.2012 07:05:39";0.0;74;12.8;17615;60.8;0.000
"31.07.2012 07:06:39";0.0;74;12.8;17615;60.8;0.000
"31.07.2012 07:07:39";0.0;74;12.7;17615;60.8;0.000
"31.07.2012 07:08:39";860.0;74;12.5;17615;61.0;0.060
"31.07.2012 07:09:39";860.0;74;12.5;17615;61.0;0.060
"31.07.2012 07:10:39";826.0;73;12.4;17615;61.0;0.058
"31.07.2012 07:11:39";826.0;73;12.4;17615;61.0;0.058
"31.07.2012 07:12:39";841.0;73;12.2;17615;61.0;0.060
"31.07.2012 07:13:39";70.0;73;12.4;17615;60.9;0.005
"31.07.2012 07:14:39";70.0;73;12.4;17615;60.9;0.005
"31.07.2012 07:15:39";56.0;73;12.2;17615;61.0;0.004
"31.07.2012 07:16:39";841.0;73;12.1;17615;60.7;0.061
"31.07.2012 07:17:39";841.0;73;12.1;17615;60.7;0.061
"31.07.2012 07:18:39";808.0;72;12.0;17616;60.5;0.059
"31.07.2012 07:19:39";808.0;72;12.0;17616;60.5;0.059
"31.07.2012 07:20:39";699.0;72;11.9;17616;60.5;0.051
"31.07.2012 07:21:39";805.0;73;11.7;17616;61.1;0.060
"31.07.2012 07:22:39";805.0;73;11.7;17616;61.1;0.060
"31.07.2012 07:23:39";797.0;73;11.6;17616;61.1;0.060
"31.07.2012 07:24:39";797.0;73;11.6;17616;61.1;0.060
"31.07.2012 07:25:39";781.0;72;11.4;17616;61.1;0.060
"31.07.2012 07:26:39";53.0;72;11.6;17616;60.8;0.004
"31.07.2012 07:27:39";53.0;72;11.6;17616;60.8;0.004
"31.07.2012 07:28:39";78.0;72;11.4;17616;61.0;0.006
"31.07.2012 07:29:39";78.0;72;11.4;17616;61.0;0.006
"31.07.2012 07:30:39";77.0;72;11.3;17616;61.0;0.006
"31.07.2012 07:31:39";752.0;72;11.1;17616;60.7;0.059
"31.07.2012 07:32:39";752.0;72;11.1;17616;60.7;0.059
"31.07.2012 07:33:39";89.0;72;11.1;17616;60.7;0.007
"31.07.2012 07:34:39";89.0;72;11.1;17616;60.7;0.007
"31.07.2012 07:35:39";99.0;72;11.0;17616;61.0;0.008
"31.07.2012 07:36:39";704.0;72;10.5;17616;61.4;0.058
"31.07.2012 07:37:39";704.0;72;10.5;17616;61.4;0.058
"31.07.2012 07:38:39";693.0;72;10.5;17616;61.1;0.057
"31.07.2012 07:39:39";440.0;72;10.7;17616;61.1;0.036
"31.07.2012 07:40:39";440.0;72;10.7;17616;61.1;0.036
"31.07.2012 07:41:39";720.0;72;10.4;17616;61.3;0.060
"31.07.2012 07:42:39";720.0;72;10.4;17616;61.3;0.060
"31.07.2012 07:43:39";676.0;72;10.3;17616;61.3;0.057
"31.07.2012 07:44:39";71.0;72;10.5;17616;61.1;0.006
"31.07.2012 07:45:39";71.0;72;10.5;17616;61.1;0.006
"31.07.2012 07:46:39";676.0;71;10.0;17616;61.4;0.059
"31.07.2012 07:47:39";676.0;71;10.0;17616;61.4;0.059
"31.07.2012 07:48:39";665.0;71;10.1;17616;61.2;0.058
"31.07.2012 07:49:39";431.0;71;10.3;17616;61.0;0.037
"31.07.2012 07:50:39";431.0;71;10.3;17616;61.0;0.037
"31.07.2012 07:51:39";683.0;71;9.9;17616;61.1;0.060
"31.07.2012 07:52:39";683.0;71;9.9;17616;61.1;0.060
"31.07.2012 07:53:39";358.0;71;10.0;17616;61.0;0.031
"31.07.2012 07:54:39";375.0;71;9.9;17616;61.0;0.033
"31.07.2012 07:55:39";375.0;71;9.9;17616;61.0;0.033
"31.07.2012 07:56:39";367.0;71;9.7;17616;60.9;0.033
"31.07.2012 07:57:39";375.0;71;9.7;17616;61.0;0.034
"31.07.2012 07:58:39";375.0;71;9.7;17616;61.0;0.034
"31.07.2012 07:59:39";349.0;71;9.6;17616;61.1;0.032
"31.07.2012 08:00:39";349.0;71;9.6;17616;61.1;0.032
"31.07.2012 08:01:39";639.0;71;9.5;17616;61.1;0.059
"31.07.2012 08:02:38";356.0;71;9.6;17616;61.1;0.032
"31.07.2012 08:06:56";362.0;71;9.6;17616;61.0;0.033
"31.07.2012 08:07:56";652.0;70;9.6;17616;60.5;0.059
"31.07.2012 08:08:56";652.0;70;9.6;17616;60.5;0.059
"31.07.2012 08:09:56";379.0;70;9.5;17616;61.0;0.035
"31.07.2012 08:10:56";379.0;70;9.5;17616;61.0;0.035
"31.07.2012 08:11:56";353.0;70;9.2;17616;60.9;0.033
"31.07.2012 08:12:56";352.0;70;9.4;17616;60.8;0.033
"31.07.2012 08:13:56";352.0;70;9.4;17616;60.8;0.033
"31.07.2012 08:14:56";617.0;70;9.2;17616;61.1;0.058
"31.07.2012 08:15:56";617.0;70;9.2;17616;61.1;0.058
"31.07.2012 08:16:56";625.0;70;9.1;17616;60.9;0.060
"31.07.2012 08:17:56";629.0;70;9.2;17616;61.0;0.060
"31.07.2012 08:18:56";629.0;70;9.2;0;61.0;0.060
"31.07.2012 08:19:56";327.0;70;9.2;0;60.8;0.031
"31.07.2012 08:20:56";601.0;70;9.0;17616;61.0;0.058
"31.07.2012 08:21:56";601.0;70;9.0;0;61.0;0.058
"31.07.2012 08:22:56";320.0;70;9.1;0;60.8;0.031
"31.07.2012 08:23:56";320.0;70;9.1;0;60.8;0.031
"31.07.2012 08:28:56";573.0;70;8.7;0;61.0;0.058
"31.07.2012 08:29:56";335.0;70;8.8;0;61.0;0.033
"31.07.2012 08:30:56";309.0;70;8.7;17616;61.0;0.031
"31.07.2012 08:31:56";309.0;70;8.7;0;61.0;0.031
"31.07.2012 08:32:56";576.0;70;8.7;0;61.1;0.058
"31.07.2012 08:33:56";576.0;70;8.7;0;61.1;0.058
"31.07.2012 08:34:56";555.0;70;8.5;0;61.0;0.058
"31.07.2012 08:35:56";574.0;70;8.4;17616;61.1;0.060
"31.07.2012 08:36:56";574.0;70;8.4;0;61.1;0.060
"31.07.2012 08:37:56";315.0;69;8.5;0;60.9;0.032
"31.07.2012 08:38:56";582.0;69;8.4;17616;60.9;0.060
"31.07.2012 08:39:56";582.0;69;8.4;0;60.9;0.060
"31.07.2012 08:40:56";326.0;69;8.4;0;61.0;0.034
"31.07.2012 08:41:56";326.0;69;8.4;0;61.0;0.034
"31.07.2012 08:42:56";530.0;69;8.1;0;61.0;0.057
"31.07.2012 08:43:56";555.0;69;8.3;17616;61.0;0.059
"31.07.2012 08:44:56";555.0;69;8.3;0;61.0;0.059
"31.07.2012 08:45:56";321.0;69;8.3;0;60.9;0.034
"31.07.2012 08:46:56";321.0;69;8.3;0;60.9;0.034
"31.07.2012 08:47:56";577.0;69;8.0;0;61.1;0.062
"31.07.2012 08:48:56";547.0;69;8.1;17616;61.1;0.059
"31.07.2012 08:49:56";547.0;69;8.1;0;61.1;0.059
"31.07.2012 08:50:56";302.0;69;8.0;0;60.9;0.033
"31.07.2012 08:51:56";302.0;69;8.0;0;60.9;0.033
"31.07.2012 08:52:56";551.0;69;8.0;0;61.0;0.061
"31.07.2012 08:53:56";280.0;69;7.8;17616;61.2;0.031
"31.07.2012 08:54:56";280.0;69;7.8;0;61.2;0.031
"31.07.2012 08:55:56";545.0;69;7.7;0;61.0;0.061
"31.07.2012 08:56:56";545.0;69;7.7;0;61.0;0.061
"31.07.2012 08:57:56";503.0;69;7.8;0;61.1;0.058
"31.07.2012 08:58:56";536.0;69;7.7;17616;61.2;0.061
"31.07.2012 08:59:56";536.0;69;7.7;0;61.2;0.061
"31.07.2012 09:00:56";278.0;69;7.6;0;61.0;0.032
"31.07.2012 09:01:56";506.0;69;7.6;17616;61.1;0.059
"31.07.2012 09:02:56";506.0;69;7.6;0;61.1;0.059
"31.07.2012 09:03:56";493.0;69;7.5;0;61.2;0.057
"31.07.2012 09:04:56";493.0;69;7.5;0;61.2;0.057
"31.07.2012 09:05:56";302.0;69;7.5;0;61.1;0.035
"31.07.2012 09:06:56";305.0;68;7.5;17616;61.0;0.035
"31.07.2012 09:07:56";305.0;68;7.5;0;61.0;0.035
"31.07.2012 09:08:56";506.0;69;7.4;0;61.2;0.058
"31.07.2012 09:09:56";506.0;69;7.4;0;61.2;0.058
"31.07.2012 09:10:56";486.0;68;7.3;0;61.2;0.058
"31.07.2012 09:11:56";489.0;69;7.3;17616;61.3;0.059
"31.07.2012 09:12:56";489.0;69;7.3;0;61.3;0.059
"31.07.2012 09:13:56";294.0;68;7.4;0;61.0;0.035
"31.07.2012 09:14:56";294.0;68;7.4;0;61.0;0.035
"31.07.2012 09:15:56";471.0;68;7.2;0;61.2;0.058
"31.07.2012 09:16:56";467.0;68;7.2;17616;61.2;0.057
"31.07.2012 09:17:56";467.0;68;7.2;0;61.2;0.057
"31.07.2012 09:18:56";480.0;68;7.2;0;61.3;0.059
"31.07.2012 09:19:56";496.0;68;7.1;17616;61.3;0.060
"31.07.2012 09:20:56";496.0;68;7.1;0;61.3;0.060
"31.07.2012 09:21:56";489.0;68;7.2;0;61.2;0.060
"31.07.2012 09:22:56";489.0;68;7.2;0;61.2;0.060
"31.07.2012 09:23:56";460.0;68;7.1;0;61.2;0.058
"31.07.2012 09:24:56";456.0;68;7.1;17616;61.3;0.057
"31.07.2012 09:25:56";456.0;68;7.1;0;61.3;0.057
"31.07.2012 09:26:56";470.0;68;6.9;0;61.4;0.059
"31.07.2012 09:27:56";470.0;68;6.9;0;61.4;0.059
"31.07.2012 09:28:56";471.0;68;7.0;0;61.3;0.060
"31.07.2012 09:29:56";448.0;68;6.9;17616;61.4;0.057
"31.07.2012 09:30:56";448.0;68;6.9;0;61.4;0.057
"31.07.2012 09:31:56";483.0;68;6.9;0;61.4;0.061
"31.07.2012 09:32:56";483.0;68;6.9;0;61.4;0.061
"31.07.2012 09:33:56";266.0;68;6.9;0;61.3;0.034
"31.07.2012 09:34:56";258.0;68;6.8;17617;61.2;0.033
"31.07.2012 09:35:56";258.0;68;6.8;0;61.2;0.033
"31.07.2012 09:36:56";438.0;68;6.7;0;61.5;0.058
"31.07.2012 09:37:56";438.0;68;6.7;0;61.5;0.058
"31.07.2012 09:38:56";469.0;68;6.6;0;61.5;0.061
"31.07.2012 09:39:56";454.0;68;6.7;17617;61.4;0.059
"31.07.2012 09:40:56";454.0;68;6.7;0;61.4;0.059
"31.07.2012 09:41:56";449.0;68;6.8;0;61.3;0.058
"31.07.2012 09:42:56";441.0;68;6.8;17617;61.3;0.058
"31.07.2012 09:43:56";441.0;68;6.8;0;61.3;0.058
"31.07.2012 09:44:56";438.0;68;6.7;0;61.4;0.057
"31.07.2012 09:45:56";438.0;68;6.7;0;61.4;0.057
"31.07.2012 09:46:56";451.0;68;6.6;0;61.4;0.059
"31.07.2012 09:47:56";442.0;68;6.7;17617;61.3;0.058
"31.07.2012 09:48:56";442.0;68;6.7;0;61.3;0.058
"31.07.2012 09:49:56";445.0;68;6.6;0;61.4;0.059
"31.07.2012 09:50:56";445.0;68;6.6;0;61.4;0.059
"31.07.2012 09:51:56";424.0;68;6.5;0;61.5;0.057
"31.07.2012 09:52:56";446.0;68;6.5;17617;61.5;0.060
"31.07.2012 09:53:56";446.0;68;6.5;0;61.5;0.060
"31.07.2012 09:54:56";432.0;68;6.4;0;61.5;0.059
"31.07.2012 09:55:56";432.0;68;6.4;0;61.5;0.059
"31.07.2012 09:56:56";415.0;68;6.4;0;61.5;0.057
"31.07.2012 09:57:56";425.0;68;6.4;17617;61.4;0.059
"31.07.2012 09:58:56";425.0;68;6.4;0;61.4;0.059
"31.07.2012 09:59:56";446.0;68;6.5;0;61.4;0.060
"31.07.2012 10:00:56";451.0;68;6.5;17617;61.4;0.062
"31.07.2012 10:01:56";451.0;68;6.4;0;61.4;0.062
"31.07.2012 10:02:56";418.0;68;6.4;0;61.4;0.058
"31.07.2012 10:03:56";418.0;68;6.3;0;61.4;0.058
"31.07.2012 10:04:56";416.0;68;6.3;0;61.4;0.059
"31.07.2012 10:05:56";426.0;68;6.3;17617;61.4;0.059
"31.07.2012 10:06:56";426.0;68;6.2;0;61.4;0.060
"31.07.2012 10:07:56";425.0;68;6.2;0;61.4;0.060
"31.07.2012 10:08:56";425.0;68;6.2;0;61.4;0.059
"31.07.2012 10:09:56";417.0;68;6.2;0;61.4;0.059
"31.07.2012 10:10:56";409.0;68;6.1;17617;61.4;0.059
"31.07.2012 10:11:56";409.0;68;6.1;0;61.4;0.058
"31.07.2012 10:12:56";406.0;68;6.1;0;61.4;0.058
"31.07.2012 10:13:56";406.0;68;6.1;0;61.4;0.058
"31.07.2012 10:14:56";406.0;68;6.1;0;61.4;0.058
"31.07.2012 10:15:56";8000.0;68;27.4;17617;40.4;0.252
"31.07.2012 10:16:56";8390.0;68;24.9;0;42.9;0.291
"31.07.2012 10:17:56";8390.0;68;24.9;0;42.9;0.291
"31.07.2012 10:18:56";8596.0;68;21.3;0;46.7;0.351
"31.07.2012 10:19:56";8596.0;68;21.3;0;46.7;0.351
"31.07.2012 10:20:56";8724.0;68;17.9;17618;50.3;0.424
"31.07.2012 10:21:56";1139.0;68;13.9;0;54.0;0.070
"31.07.2012 10:22:56";1139.0;68;13.9;0;54.0;0.070
"31.07.2012 10:23:56";754.0;68;9.2;17618;58.6;0.070
"31.07.2012 10:24:56";671.0;68;8.6;0;59.1;0.068
"31.07.2012 10:25:56";671.0;68;8.6;0;59.1;0.068
"31.07.2012 10:26:56";898.0;68;11.3;0;56.5;0.070
"31.07.2012 10:27:56";898.0;68;11.3;0;56.5;0.070
"31.07.2012 10:28:56";1061.0;68;11.5;17618;56.3;0.081
"31.07.2012 10:29:56";1086.0;68;11.5;0;56.4;0.083
"31.07.2012 10:30:56";1086.0;68;11.5;0;56.4;0.083
"31.07.2012 10:31:56";1087.0;68;10.9;0;57.0;0.087
"31.07.2012 10:32:56";1087.0;68;10.9;0;57.0;0.087
"31.07.2012 10:33:56";1055.0;68;10.0;17618;57.7;0.092
"31.07.2012 10:34:56";1008.0;68;9.7;0;58.1;0.091
"31.07.2012 10:35:56";1008.0;68;9.7;0;58.1;0.091
"31.07.2012 10:36:56";957.0;68;9.3;0;58.4;0.090
"31.07.2012 10:37:56";957.0;68;9.3;0;58.4;0.090
"31.07.2012 10:38:56";962.0;68;9.0;0;58.7;0.094
"31.07.2012 10:39:56";915.0;68;8.7;17618;59.0;0.092
"31.07.2012 10:40:56";915.0;68;8.7;0;59.0;0.092
"31.07.2012 10:41:56";888.0;68;8.3;0;59.3;0.093
"31.07.2012 10:42:56";874.0;68;8.1;17618;59.6;0.093
"31.07.2012 10:43:56";874.0;68;8.1;0;59.6;0.093
"31.07.2012 10:44:56";744.0;68;7.8;0;59.9;0.085
"31.07.2012 10:45:56";744.0;68;7.8;0;59.9;0.085
"31.07.2012 10:46:56";734.0;68;7.3;0;60.2;0.086
"31.07.2012 10:47:56";735.0;68;7.2;17618;60.3;0.088
"31.07.2012 10:48:56";735.0;68;7.2;0;60.3;0.088
"31.07.2012 10:49:56";683.0;67;7.0;0;60.4;0.085
"31.07.2012 10:50:56";683.0;67;7.0;0;60.4;0.085
"31.07.2012 10:51:56";652.0;68;6.8;0;60.7;0.085
"31.07.2012 10:52:56";648.0;67;6.6;17618;60.8;0.085
"31.07.2012 10:53:56";648.0;67;6.6;0;60.8;0.085
"31.07.2012 10:54:56";608.0;67;6.5;0;60.9;0.081
"31.07.2012 10:55:56";608.0;67;6.3;0;61.1;0.081
"31.07.2012 10:56:56";595.0;67;6.3;0;61.0;0.081
"31.07.2012 17:48:50";258.0;72;10.8;17621;60.9;0.021
"31.07.2012 17:49:50";258.0;72;10.8;17621;60.9;0.021
"31.07.2012 17:50:50";0.0;72;10.7;17621;61.0;0.000
"31.07.2012 17:51:50";691.0;72;10.5;17621;61.1;0.057
"31.07.2012 17:52:50";691.0;72;10.5;17621;61.1;0.057
"31.07.2012 17:53:50";296.0;72;10.6;17621;60.9;0.024
"31.07.2012 17:54:50";671.0;72;10.6;17621;61.0;0.056
"31.07.2012 17:55:50";671.0;72;10.6;17621;61.0;0.056
"31.07.2012 17:56:50";662.0;71;10.5;17621;60.8;0.055
"31.07.2012 17:57:50";662.0;71;10.5;17621;60.8;0.055
"31.07.2012 17:58:50";293.0;72;10.5;17621;61.0;0.024
"31.07.2012 17:59:50";660.0;71;10.4;17621;61.0;0.055
"31.07.2012 18:00:50";660.0;71;10.4;17621;61.0;0.055
"31.07.2012 18:01:50";277.0;72;10.7;17621;60.9;0.023
"31.07.2012 18:02:50";277.0;72;10.7;17621;60.9;0.023
"31.07.2012 18:03:50";35.0;72;10.4;17621;61.2;0.003
"31.07.2012 18:04:50";657.0;71;10.6;17621;60.7;0.055
"31.07.2012 18:05:50";657.0;71;10.6;17621;60.7;0.055
"31.07.2012 18:06:50";274.0;72;10.6;17621;61.0;0.023
"31.07.2012 18:07:50";274.0;72;10.6;17621;61.0;0.023
"31.07.2012 18:08:50";636.0;72;10.3;17621;61.2;0.054
"31.07.2012 18:09:50";23.0;71;10.3;17621;61.1;0.002
"31.07.2012 18:10:50";23.0;71;10.3;17621;61.1;0.002
"31.07.2012 18:11:50";59.0;72;10.5;17621;61.1;0.005
"31.07.2012 18:12:50";681.0;71;10.3;17621;61.1;0.058
"31.07.2012 18:13:50";681.0;71;10.3;0;61.1;0.058
"31.07.2012 18:14:50";360.0;71;10.5;0;60.9;0.030
"31.07.2012 18:15:50";360.0;71;10.5;0;60.9;0.030
"31.07.2012 18:16:50";301.0;72;10.5;0;61.1;0.025
"31.07.2012 18:17:50";321.0;71;10.5;17621;60.9;0.027
"31.07.2012 18:18:50";321.0;71;10.5;0;60.9;0.027
"31.07.2012 18:19:50";35.0;71;10.2;0;61.1;0.003
"31.07.2012 18:20:50";35.0;71;10.2;0;61.1;0.003
"31.07.2012 18:21:50";466.0;71;10.2;0;61.2;0.040
"31.07.2012 18:22:50";23.0;71;10.3;17621;60.9;0.002
"31.07.2012 18:23:50";23.0;71;10.3;0;60.9;0.002
"31.07.2012 18:24:50";343.0;71;10.2;0;61.1;0.029
"31.07.2012 18:25:50";343.0;71;10.2;0;61.1;0.029
"31.07.2012 18:26:50";407.0;71;10.2;0;61.0;0.035
"31.07.2012 18:27:50";566.0;71;10.1;17621;61.3;0.049
"31.07.2012 18:28:50";566.0;71;10.1;0;61.3;0.049
"31.07.2012 18:29:50";666.0;71;10.0;0;61.2;0.058
"31.07.2012 18:30:50";666.0;71;10.0;0;61.2;0.058
"31.07.2012 18:31:50";653.0;71;10.1;0;61.1;0.057
"31.07.2012 18:32:50";327.0;71;10.2;17621;61.1;0.028
"31.07.2012 18:33:50";327.0;71;10.2;0;61.1;0.028
"31.07.2012 18:34:50";659.0;71;10.0;0;61.1;0.057
"31.07.2012 18:35:50";337.0;71;10.2;17622;61.0;0.029
"31.07.2012 18:36:50";337.0;71;10.2;0;61.0;0.029
"31.07.2012 18:37:50";647.0;71;9.9;0;61.1;0.057
"31.07.2012 18:38:50";647.0;71;9.9;0;61.1;0.057
"31.07.2012 18:39:50";661.0;71;10.1;0;60.7;0.057
"31.07.2012 18:40:50";647.0;71;9.9;17622;61.1;0.057
"31.07.2012 18:41:50";647.0;71;9.9;0;61.1;0.057
"31.07.2012 18:42:50";317.0;71;9.9;0;61.0;0.028
"31.07.2012 18:43:50";317.0;71;9.9;0;61.0;0.028
"31.07.2012 18:44:50";22.0;71;9.9;0;61.1;0.002
"31.07.2012 18:45:50";643.0;70;9.8;17622;60.7;0.057
"31.07.2012 18:46:50";643.0;70;9.8;0;60.7;0.057
"31.07.2012 18:47:50";306.0;71;9.9;0;61.0;0.027
"31.07.2012 18:48:50";306.0;71;9.9;0;61.0;0.027
"31.07.2012 18:49:50";626.0;71;9.6;0;61.1;0.057
"31.07.2012 18:50:50";293.0;71;9.8;17622;61.0;0.026
"31.07.2012 18:51:50";293.0;71;9.8;0;61.0;0.026
"31.07.2012 18:52:50";612.0;71;9.7;0;61.2;0.055
"31.07.2012 18:53:50";56.0;71;9.7;17622;61.0;0.005
"31.07.2012 18:54:50";56.0;71;9.7;0;61.0;0.005
"31.07.2012 18:55:50";335.0;71;9.7;0;61.1;0.030
"31.07.2012 18:56:50";335.0;71;9.7;0;61.1;0.030
"31.07.2012 18:57:50";332.0;70;9.5;0;61.0;0.030
"31.07.2012 18:58:50";623.0;71;9.5;17622;61.1;0.058
"31.07.2012 18:59:50";623.0;71;9.5;0;61.1;0.058
"31.07.2012 19:00:50";287.0;70;9.6;0;60.9;0.026
"31.07.2012 19:01:50";287.0;70;9.6;0;60.9;0.026
"31.07.2012 19:02:50";316.0;71;9.6;0;61.1;0.029
"31.07.2012 19:03:50";143.0;70;9.6;17622;60.9;0.013
"31.07.2012 19:04:50";143.0;70;9.6;0;60.9;0.013
"31.07.2012 19:05:50";291.0;71;9.5;0;61.1;0.027
"31.07.2012 19:06:50";291.0;71;9.5;0;61.1;0.027
"31.07.2012 19:07:50";646.0;70;9.3;0;61.1;0.060
"31.07.2012 19:08:50";314.0;71;9.5;17622;61.1;0.029
"31.07.2012 19:09:50";314.0;71;9.5;0;61.1;0.029
"31.07.2012 19:10:50";323.0;70;9.4;0;61.0;0.030
"31.07.2012 19:11:50";323.0;70;9.4;0;61.0;0.030
"31.07.2012 19:12:50";10.0;70;9.5;0;61.0;0.001
"31.07.2012 19:13:50";617.0;70;9.3;17622;61.1;0.058
"31.07.2012 19:14:50";617.0;70;9.3;0;61.1;0.058
"31.07.2012 19:15:50";292.0;70;9.5;0;61.0;0.027
"31.07.2012 19:16:50";291.0;70;9.4;17622;60.9;0.027
"31.07.2012 19:17:50";291.0;70;9.4;0;60.9;0.027
"31.07.2012 19:18:50";44.0;71;9.7;0;61.1;0.004
"31.07.2012 19:19:50";44.0;71;9.7;0;61.1;0.004
"31.07.2012 19:20:50";295.0;71;9.8;0;61.1;0.026
"31.07.2012 19:21:50";297.0;71;9.9;17622;61.0;0.026
"31.07.2012 19:22:50";297.0;71;9.9;0;61.0;0.026
"31.07.2012 19:23:50";271.0;71;9.9;0;61.1;0.024
"31.07.2012 19:24:50";271.0;71;9.9;0;61.1;0.024
"31.07.2012 19:25:50";620.0;71;9.9;0;61.1;0.055
"31.07.2012 19:26:50";124.0;71;9.8;17622;61.1;0.011
"31.07.2012 19:27:50";124.0;71;9.8;0;61.1;0.011
"31.07.2012 19:28:50";644.0;71;9.8;0;61.1;0.011
"31.07.2012 19:29:50";644.0;71;10.0;0;61.1;0.057
"31.07.2012 19:30:50";674.0;71;10.0;0;61.1;0.057
"31.07.2012 19:31:50";244.0;71;9.9;17622;61.0;0.060
"31.07.2012 19:32:50";244.0;71;10.0;0;61.0;0.022
"31.07.2012 19:33:50";611.0;71;10.0;0;61.0;0.022
"31.07.2012 19:34:50";242.0;71;9.8;17622;61.1;0.056
"31.07.2012 19:35:50";242.0;71;9.7;0;61.1;0.022
"31.07.2012 19:36:50";644.0;71;9.7;0;61.1;0.022
"31.07.2012 19:37:50";644.0;71;9.7;0;61.1;0.058
"31.07.2012 19:38:50";644.0;71;9.7;0;61.1;0.058
"31.07.2012 19:39:50";639.0;71;9.6;17622;61.0;0.058
"31.07.2012 19:40:50";465.0;71;9.6;0;61.1;0.043
"31.07.2012 19:41:50";465.0;71;9.6;0;61.1;0.043
"31.07.2012 19:42:50";585.0;70;9.5;0;61.0;0.054
"31.07.2012 19:43:50";585.0;70;9.5;0;61.0;0.054
"31.07.2012 19:44:50";218.0;70;9.5;17622;60.9;0.020
"31.07.2012 19:45:50";575.0;70;9.2;0;61.2;0.054
"31.07.2012 19:46:50";575.0;70;9.2;0;61.2;0.054
"31.07.2012 19:47:50";580.0;70;9.4;0;61.0;0.054
"31.07.2012 19:48:50";580.0;70;9.4;0;61.0;0.054
"31.07.2012 19:49:50";244.0;70;9.2;17622;61.1;0.023
"31.07.2012 19:50:50";589.0;70;9.2;0;61.0;0.056
"31.07.2012 19:51:50";589.0;70;9.2;0;61.0;0.056
"31.07.2012 19:52:50";223.0;70;9.4;0;60.8;0.021
"31.07.2012 19:53:50";223.0;70;9.4;0;60.8;0.021
"31.07.2012 19:54:50";227.0;70;9.1;17622;61.3;0.022
"31.07.2012 19:55:50";196.0;70;9.0;0;61.1;0.019
"31.07.2012 19:56:50";196.0;70;9.0;0;61.1;0.019
"31.07.2012 19:57:50";208.0;70;9.1;17622;61.2;0.020
"31.07.2012 19:58:50";214.0;70;9.1;0;60.9;0.021
"31.07.2012 19:59:50";214.0;70;9.1;0;60.9;0.021
"31.07.2012 20:00:50";238.0;70;9.0;0;61.1;0.023
"31.07.2012 20:01:50";238.0;70;9.0;0;61.1;0.023
"31.07.2012 20:02:50";547.0;70;8.9;0;61.1;0.054
"31.07.2012 20:03:50";306.0;70;9.0;17622;61.1;0.030
"31.07.2012 20:04:50";306.0;70;9.0;0;61.1;0.030
"31.07.2012 20:05:50";568.0;70;8.9;0;61.1;0.056
"31.07.2012 20:06:50";568.0;70;8.9;0;61.1;0.056
"31.07.2012 20:07:50";196.0;70;9.0;0;60.9;0.019

